event,array,t_s,lat,lon,power
mandalay_2025,AK,1.25,22.0392,95.945,0.065
mandalay_2025,AK,2.41,22.0724,95.945,0.099
mandalay_2025,AK,3.41,22.0724,95.945,0.138
mandalay_2025,AK,4.41,22.0724,95.945,0.173
mandalay_2025,AK,5.25,22.0392,95.945,0.208
mandalay_2025,AK,6.25,22.0392,95.945,0.233
mandalay_2025,AK,7.09,22.006,95.945,0.232
mandalay_2025,AK,8.09,22.006,95.945,0.217
mandalay_2025,AK,9.41,22.0724,95.945,0.255
mandalay_2025,AK,10.09,22.006,95.945,0.364
mandalay_2025,AK,10.45,21.8734,95.945,0.417
mandalay_2025,AK,11.13,21.8071,95.945,0.45
mandalay_2025,AK,11.97,21.7739,95.945,0.498
mandalay_2025,AK,12.97,21.7739,95.945,0.54
mandalay_2025,AK,13.97,21.7739,95.945,0.568
mandalay_2025,AK,14.97,21.7739,95.945,0.514
mandalay_2025,AK,18.13,22.2382,95.907,0.35
mandalay_2025,AK,19.61,22.3377,95.907,0.293
mandalay_2025,AK,20.61,22.3377,95.907,0.386
mandalay_2025,AK,21.61,22.3377,95.907,0.515
mandalay_2025,AK,22.45,22.3045,95.907,0.655
mandalay_2025,AK,23.13,22.2382,95.907,0.783
mandalay_2025,AK,23.97,22.205,95.907,0.832
mandalay_2025,AK,24.97,22.205,95.907,0.855
mandalay_2025,AK,26.29,22.2714,95.907,0.939
mandalay_2025,AK,27.29,22.2714,95.907,1.0
mandalay_2025,AK,28.29,22.2714,95.907,0.928
mandalay_2025,AK,28.55,20.7789,96.0969,0.399
mandalay_2025,AK,29.37,22.2714,95.945,0.803
mandalay_2025,AK,29.4,20.7457,96.0969,0.368
mandalay_2025,AK,29.48,21.4091,96.0589,0.659
mandalay_2025,AK,30.32,21.3759,96.0589,0.529
mandalay_2025,AK,30.53,22.3045,95.945,0.776
mandalay_2025,AK,31.03,20.8784,96.0969,0.409
mandalay_2025,AK,31.7,22.3377,95.945,0.789
mandalay_2025,AK,31.82,22.1387,95.983,0.732
mandalay_2025,AK,32.34,20.9447,96.0969,0.47
mandalay_2025,AK,33.03,20.8784,96.0969,0.465
mandalay_2025,AK,33.71,20.8121,96.0969,0.415
mandalay_2025,AK,34.4,20.7457,96.0969,0.353
mandalay_2025,AK,35.8,20.8121,96.1349,0.306
mandalay_2025,AK,36.8,20.8121,96.1349,0.3
mandalay_2025,AK,42.54,20.2151,95.945,0.295
mandalay_2025,AK,43.06,20.4473,96.1349,0.281
mandalay_2025,AK,44.32,20.3809,95.945,0.263
mandalay_2025,AK,49.74,20.6794,95.945,0.303
mandalay_2025,AK,50.71,20.2151,96.0209,0.36
mandalay_2025,AK,50.9,20.7126,95.945,0.298
mandalay_2025,AK,51.31,20.6794,95.7551,0.288
mandalay_2025,AK,52.14,20.2151,96.2108,0.387
mandalay_2025,AK,52.5,19.8503,96.2488,0.458
mandalay_2025,AK,52.67,20.1156,96.2108,0.409
mandalay_2025,AK,53.34,19.8171,96.2488,0.544
mandalay_2025,AK,54.5,19.8503,96.2488,0.616
mandalay_2025,AK,55.5,19.8503,96.2488,0.643
mandalay_2025,AK,55.94,19.5186,96.2488,0.578
mandalay_2025,AK,56.23,19.386,96.2108,0.485
mandalay_2025,AK,56.5,19.8503,96.2488,0.628
mandalay_2025,AK,57.23,19.386,96.2108,0.401
mandalay_2025,AK,57.92,19.3196,96.2108,0.339
mandalay_2025,AK,59.23,19.386,96.2108,0.286
mandalay_2025,AK,59.92,19.3196,96.2108,0.244
mandalay_2025,AK,70.3,19.1538,95.8311,0.314
mandalay_2025,AK,70.43,18.391,96.1349,0.181
mandalay_2025,AK,72.05,20.2151,96.1728,0.364
mandalay_2025,AK,72.42,20.0824,96.1728,0.39
mandalay_2025,AK,73.35,20.0493,96.2108,0.395
mandalay_2025,AK,74.43,19.0543,96.0969,0.228
mandalay_2025,AK,74.89,20.1819,96.1728,0.378
mandalay_2025,AK,75.36,20.9779,96.4766,0.325
mandalay_2025,AK,75.97,19.8834,95.945,0.243
mandalay_2025,AK,76.49,20.1156,96.1349,0.309
mandalay_2025,AK,76.51,19.2865,96.0969,0.279
mandalay_2025,AK,77.51,19.2865,96.0969,0.301
mandalay_2025,AK,78.28,18.1588,96.0969,0.248
mandalay_2025,AK,78.58,18.0262,96.0589,0.21
mandalay_2025,AK,78.74,19.3528,96.0589,0.298
mandalay_2025,AK,79.58,19.3196,96.0589,0.273
mandalay_2025,AK,79.89,18.0925,96.0589,0.206
mandalay_2025,AK,81.57,18.2583,96.0209,0.22
mandalay_2025,AK,82.5,19.3528,96.4007,0.275
mandalay_2025,AK,83.35,19.3196,96.4007,0.288
mandalay_2025,AK,87.41,18.0593,96.3627,0.325
mandalay_2025,AK,87.68,20.6794,96.3627,0.262
mandalay_2025,AK,87.71,19.4191,95.907,0.261
mandalay_2025,AK,88.16,19.3196,95.869,0.301
mandalay_2025,AK,88.63,18.1256,96.3247,0.312
mandalay_2025,AK,89.23,19.3528,95.8311,0.334
mandalay_2025,AK,89.47,18.0925,96.3247,0.28
mandalay_2025,AK,90.08,19.3196,95.8311,0.356
mandalay_2025,AK,90.32,18.0593,96.3247,0.246
mandalay_2025,AK,90.92,19.2865,95.8311,0.348
mandalay_2025,AK,94.18,18.8221,96.0209,0.195
mandalay_2025,AK,96.57,17.8603,95.945,0.185
mandalay_2025,AK,97.03,19.2201,96.0209,0.185
mandalay_2025,AK,98.5,19.3196,96.0209,0.212
mandalay_2025,AK,98.64,18.0925,95.945,0.222
mandalay_2025,AK,99.59,18.8885,96.5146,0.185
mandalay_2025,AU,1.19,21.9729,95.945,0.109
mandalay_2025,AU,2.35,21.9397,95.945,0.264
mandalay_2025,AU,3.5,21.9066,95.945,0.44
mandalay_2025,AU,4.5,21.9066,95.945,0.551
mandalay_2025,AU,5.5,21.9066,95.945,0.607
mandalay_2025,AU,6.66,21.8734,95.945,0.636
mandalay_2025,AU,7.5,21.9066,95.945,0.671
mandalay_2025,AU,8.35,21.9397,95.945,0.744
mandalay_2025,AU,9.35,21.9397,95.945,0.784
mandalay_2025,AU,10.35,21.9397,95.945,0.724
mandalay_2025,AU,12.13,21.8071,95.983,0.554
mandalay_2025,AU,13.13,21.8071,95.983,0.423
mandalay_2025,AU,14.13,21.8071,95.983,0.323
mandalay_2025,AU,16.89,21.4422,95.983,0.448
mandalay_2025,AU,17.89,21.4422,95.983,0.546
mandalay_2025,AU,18.89,21.4422,95.983,0.676
mandalay_2025,AU,18.97,21.8402,95.983,0.929
mandalay_2025,AU,19.49,21.9397,95.983,1.0
mandalay_2025,AU,19.58,21.4754,95.945,0.805
mandalay_2025,AU,20.33,21.9729,95.983,0.972
mandalay_2025,AU,21.17,22.006,95.983,0.848
mandalay_2025,AU,21.71,22.0724,95.945,0.752
mandalay_2025,AU,22.71,22.0724,95.945,0.734
mandalay_2025,AU,25.43,22.3377,95.945,0.499
mandalay_2025,AU,27.07,22.205,95.945,0.456
mandalay_2025,AU,27.11,22.404,95.945,0.452
mandalay_2025,AU,27.85,21.2432,95.983,0.679
mandalay_2025,AU,28.11,22.404,95.945,0.427
mandalay_2025,AU,28.54,21.2764,95.945,0.715
mandalay_2025,AU,29.38,21.3096,95.945,0.675
mandalay_2025,AU,39.34,20.3146,95.983,0.585
mandalay_2025,AU,40.34,20.3146,95.983,0.756
mandalay_2025,AU,41.5,20.2814,95.983,0.855
mandalay_2025,AU,42.66,20.2483,95.983,0.848
mandalay_2025,AU,43.82,20.2151,95.983,0.783
mandalay_2025,AU,45.46,20.1156,96.0209,0.677
mandalay_2025,AU,47.42,19.9166,96.0209,0.569
mandalay_2025,AU,48.74,19.8503,96.0209,0.614
mandalay_2025,AU,49.74,19.8503,96.0209,0.704
mandalay_2025,AU,50.74,19.8503,96.0209,0.753
mandalay_2025,AU,51.58,19.8834,96.0209,0.74
mandalay_2025,AU,52.42,19.9166,96.0209,0.712
mandalay_2025,AU,53.26,19.9498,96.0209,0.706
mandalay_2025,AU,54.1,19.9829,96.0209,0.664
mandalay_2025,AU,54.94,19.9829,95.983,0.62
mandalay_2025,AU,56.96,19.8503,95.8311,0.541
mandalay_2025,AU,60.92,19.0543,96.0969,0.567
mandalay_2025,AU,62.12,19.187,96.0589,0.655
mandalay_2025,AU,63.12,19.187,96.0589,0.694
mandalay_2025,AU,64.12,19.187,96.0589,0.746
mandalay_2025,AU,64.96,19.2201,96.0589,0.767
mandalay_2025,AU,65.8,19.2533,96.0589,0.717
mandalay_2025,AU,66.8,19.2533,96.0589,0.642
mandalay_2025,AU,69.24,18.988,96.0969,0.671
mandalay_2025,AU,70.4,18.9548,96.0969,0.735
mandalay_2025,AU,71.24,18.988,96.0969,0.753
mandalay_2025,AU,72.08,19.0211,96.0969,0.693
mandalay_2025,AU,72.76,19.0875,96.0969,0.6
mandalay_2025,AU,73.11,19.2201,96.0969,0.542
mandalay_2025,AU,73.63,19.2865,96.0589,0.542
mandalay_2025,AU,75.86,20.3809,96.4387,0.555
mandalay_2025,AU,76.73,22.0724,95.1855,0.352
mandalay_2025,AU,76.85,20.4141,96.4766,0.471
mandalay_2025,AU,77.37,18.7226,96.0589,0.518
mandalay_2025,AU,77.5,19.8171,95.6792,0.514
mandalay_2025,AU,77.73,22.0724,95.1855,0.355
mandalay_2025,AU,78.05,18.7558,96.0209,0.527
mandalay_2025,AU,80.09,19.5186,95.7171,0.621
mandalay_2025,AU,80.21,18.7558,96.0589,0.544
mandalay_2025,AU,81.05,18.789,96.0589,0.558
mandalay_2025,AU,81.79,18.1256,95.945,0.477
mandalay_2025,AU,81.9,19.3528,95.7171,0.636
mandalay_2025,AU,82.9,19.3528,95.7171,0.635
mandalay_2025,AU,83.38,20.4804,95.945,0.399
mandalay_2025,AU,83.9,19.3528,95.7171,0.612
mandalay_2025,AU,84.38,20.4804,95.945,0.371
mandalay_2025,AU,88.1,22.5035,96.3247,0.247
mandalay_2025,AU,88.33,19.1206,95.7931,0.414
mandalay_2025,AU,89.1,22.5035,96.3247,0.249
mandalay_2025,AU,89.37,18.7226,96.0589,0.567
mandalay_2025,AU,90.53,19.3196,95.8311,0.34
mandalay_2025,AU,91.53,19.3196,95.8311,0.343
mandalay_2025,AU,95.5,19.0211,95.7171,0.318
mandalay_2025,AU,95.7,17.6613,96.0969,0.52
mandalay_2025,AU,96.71,19.7839,96.6665,0.365
mandalay_2025,AU,97.38,22.1719,95.983,0.218
mandalay_2025,AU,97.71,19.7839,96.6665,0.373
mandalay_2025,AU,98.22,22.205,95.983,0.218
mandalay_2025,AU,98.51,20.2483,96.4387,0.288
mandalay_2025,AU,99.02,19.7508,96.7045,0.352
mandalay_2025,AU,99.86,19.7839,96.7045,0.311
mandalay_2025,EU,0.68,21.9397,95.945,0.047
mandalay_2025,EU,1.68,21.9397,95.945,0.054
mandalay_2025,EU,2.38,21.9066,95.983,0.057
mandalay_2025,EU,2.79,21.8071,96.0209,0.075
mandalay_2025,EU,3.65,21.7739,96.0209,0.095
mandalay_2025,EU,4.21,21.7076,96.0589,0.095
mandalay_2025,EU,5.21,21.6744,96.0209,0.1
mandalay_2025,EU,6.37,21.6744,95.983,0.153
mandalay_2025,EU,7.37,21.6744,95.983,0.232
mandalay_2025,EU,8.37,21.6744,95.983,0.286
mandalay_2025,EU,9.81,21.7407,95.945,0.308
mandalay_2025,EU,10.81,21.7407,95.945,0.362
mandalay_2025,EU,11.66,21.7076,95.945,0.444
mandalay_2025,EU,12.81,21.7407,95.945,0.492
mandalay_2025,EU,13.81,21.7407,95.945,0.48
mandalay_2025,EU,14.95,21.7739,95.945,0.428
mandalay_2025,EU,16.4,21.8402,95.907,0.384
mandalay_2025,EU,17.54,21.8734,95.907,0.368
mandalay_2025,EU,18.83,21.9397,95.907,0.353
mandalay_2025,EU,19.81,22.006,95.983,0.345
mandalay_2025,EU,20.52,21.9729,96.0209,0.305
mandalay_2025,EU,22.25,22.1055,95.983,0.238
mandalay_2025,EU,24.57,22.3377,95.907,0.237
mandalay_2025,EU,25.14,22.2382,95.907,0.275
mandalay_2025,EU,25.4,22.1055,95.945,0.317
mandalay_2025,EU,26.4,22.1055,95.945,0.313
mandalay_2025,EU,27.27,22.0392,95.907,0.327
mandalay_2025,EU,28.12,22.006,95.907,0.405
mandalay_2025,EU,29.13,21.9729,95.869,0.473
mandalay_2025,EU,30.43,22.006,95.8311,0.499
mandalay_2025,EU,31.57,22.0392,95.8311,0.508
mandalay_2025,EU,33.45,22.205,95.7931,0.543
mandalay_2025,EU,35.03,22.3377,95.7931,0.598
mandalay_2025,EU,36.32,22.404,95.7931,0.607
mandalay_2025,EU,40.04,20.6463,95.945,0.459
mandalay_2025,EU,41.48,20.7126,95.907,0.547
mandalay_2025,EU,42.18,20.6794,95.945,0.604
mandalay_2025,EU,42.89,20.6463,95.983,0.596
mandalay_2025,EU,44.18,20.7126,95.983,0.548
mandalay_2025,EU,45.32,20.7457,95.983,0.503
mandalay_2025,EU,48.3,20.2814,95.983,0.533
mandalay_2025,EU,48.56,19.9829,96.0969,0.529
mandalay_2025,EU,48.72,20.1819,96.0209,0.534
mandalay_2025,EU,49.12,19.9166,96.1349,0.521
mandalay_2025,EU,50.12,19.9166,96.1349,0.581
mandalay_2025,EU,50.83,19.8503,96.1349,0.69
mandalay_2025,EU,51.4,20.9779,95.7171,0.517
mandalay_2025,EU,51.42,21.1769,95.6792,0.603
mandalay_2025,EU,51.87,21.4754,95.6412,0.635
mandalay_2025,EU,52.12,19.8834,96.0969,0.822
mandalay_2025,EU,52.54,19.7839,96.1349,0.945
mandalay_2025,EU,53.26,19.7176,96.1349,1.0
mandalay_2025,EU,53.39,19.5518,96.1728,0.981
mandalay_2025,EU,54.1,19.4854,96.1728,0.909
mandalay_2025,EU,54.95,19.4854,96.2108,0.853
mandalay_2025,EU,55.95,19.4854,96.2108,0.81
mandalay_2025,EU,57.24,19.5186,96.1728,0.727
mandalay_2025,EU,58.11,19.4523,96.1349,0.67
mandalay_2025,EU,59.4,19.4854,96.0969,0.697
mandalay_2025,EU,60.53,19.1206,96.1728,0.558
mandalay_2025,EU,60.55,19.4854,96.0589,0.703
mandalay_2025,EU,61.27,19.4191,96.0589,0.638
mandalay_2025,EU,64.08,19.0875,96.2488,0.238
mandalay_2025,EU,64.23,18.8553,96.2108,0.347
mandalay_2025,EU,64.95,18.789,96.2108,0.489
mandalay_2025,EU,65.75,19.7839,95.8311,0.561
mandalay_2025,EU,65.95,18.789,96.2108,0.576
mandalay_2025,EU,67.23,18.8553,96.2108,0.63
mandalay_2025,EU,67.62,19.9498,95.7931,0.525
mandalay_2025,EU,68.81,18.9548,96.1728,0.662
mandalay_2025,EU,69.64,20.1488,95.7551,0.431
mandalay_2025,EU,70.38,19.1206,96.2108,0.646
mandalay_2025,EU,71.66,19.187,96.2108,0.575
mandalay_2025,EU,72.66,19.187,96.2108,0.483
mandalay_2025,EU,73.05,18.789,96.4387,0.372
mandalay_2025,EU,77.23,19.4191,95.5652,0.374
mandalay_2025,EU,78.0,18.5568,95.945,0.395
mandalay_2025,EU,78.27,18.4573,96.0209,0.354
mandalay_2025,EU,78.43,18.192,95.945,0.354
mandalay_2025,EU,78.52,19.4854,95.5652,0.365
mandalay_2025,EU,79.13,18.1588,95.983,0.348
mandalay_2025,EU,79.84,18.1256,96.0209,0.34
mandalay_2025,EU,80.21,19.4854,95.6412,0.404
mandalay_2025,EU,81.07,19.4523,95.6412,0.41
mandalay_2025,EU,81.26,18.2583,96.0589,0.332
mandalay_2025,EU,81.63,19.386,95.6792,0.407
mandalay_2025,EU,82.83,18.391,96.0589,0.319
mandalay_2025,EU,83.98,18.391,96.0209,0.279
mandalay_2025,EU,84.37,19.0211,97.1222,0.262
mandalay_2025,EU,85.09,19.3528,97.0463,0.249
mandalay_2025,EU,85.37,18.988,97.0842,0.284
mandalay_2025,EU,85.96,17.8603,96.2108,0.321
mandalay_2025,EU,86.37,19.0211,97.1222,0.312
mandalay_2025,EU,87.1,17.8935,96.2108,0.359
mandalay_2025,EU,88.24,17.9267,96.2108,0.381
mandalay_2025,EU,89.68,17.993,96.1728,0.374
mandalay_2025,EU,91.54,18.1256,96.0969,0.355
mandalay_2025,EU,92.4,18.0925,96.0969,0.334
mandalay_2025,EU,93.22,17.6613,96.4387,0.297
mandalay_2025,EU,93.38,18.2251,96.2488,0.315
mandalay_2025,EU,94.23,18.2251,96.2868,0.34
mandalay_2025,EU,95.23,18.2251,96.2868,0.334
noto_2024,AK,1.19,37.5202,137.2801,0.034
noto_2024,AK,1.98,37.4879,137.2801,0.071
noto_2024,AK,2.98,37.4879,137.2801,0.101
noto_2024,AK,4.16,37.5041,137.3003,0.121
noto_2024,AK,5.26,37.5202,137.3003,0.132
noto_2024,AK,6.09,37.5041,137.2801,0.143
noto_2024,AK,7.19,37.5202,137.2801,0.163
noto_2024,AK,8.26,37.5202,137.3003,0.204
noto_2024,AK,9.09,37.5041,137.2801,0.233
noto_2024,AK,10.19,37.5202,137.2801,0.229
noto_2024,AK,10.95,37.5041,137.2397,0.207
noto_2024,AK,11.88,37.5041,137.2195,0.182
noto_2024,AK,12.98,37.5202,137.2195,0.166
noto_2024,AK,13.88,37.5041,137.2195,0.211
noto_2024,AK,14.95,37.5041,137.2397,0.244
noto_2024,AK,15.57,37.4556,137.2195,0.236
noto_2024,AK,16.5,37.4556,137.1993,0.214
noto_2024,AK,17.53,37.4718,137.1791,0.179
noto_2024,AK,18.53,37.4718,137.1791,0.17
noto_2024,AK,19.7,37.4879,137.1993,0.23
noto_2024,AK,20.7,37.4879,137.1993,0.287
noto_2024,AK,21.53,37.4718,137.1791,0.321
noto_2024,AK,22.6,37.4718,137.1993,0.332
noto_2024,AK,23.77,37.4879,137.2195,0.308
noto_2024,AK,24.95,37.5041,137.2397,0.243
noto_2024,AK,26.6,37.5526,137.3407,0.203
noto_2024,AK,27.88,37.5849,137.3609,0.25
noto_2024,AK,29.15,37.6172,137.3811,0.31
noto_2024,AK,30.39,37.6334,137.4215,0.349
noto_2024,AK,31.64,37.6495,137.4619,0.386
noto_2024,AK,32.64,37.6495,137.4619,0.461
noto_2024,AK,33.46,37.6334,137.4417,0.536
noto_2024,AK,34.22,37.6172,137.4013,0.553
noto_2024,AK,35.43,37.6172,137.4619,0.547
noto_2024,AK,36.47,37.6011,137.5023,0.613
noto_2024,AK,37.4,37.6011,137.4821,0.695
noto_2024,AK,37.98,37.5687,137.4215,0.727
noto_2024,AK,38.74,37.5526,137.3811,0.69
noto_2024,AK,39.91,37.5687,137.4013,0.597
noto_2024,AK,42.6,37.7465,137.5629,0.565
noto_2024,AK,44.12,37.795,137.6235,0.702
noto_2024,AK,45.63,37.8435,137.6841,0.891
noto_2024,AK,46.98,37.8758,137.7245,0.999
noto_2024,AK,48.05,37.8758,137.7448,0.938
noto_2024,AK,49.6,37.9404,137.7851,0.728
noto_2024,AK,50.21,37.9243,137.7043,0.522
noto_2024,AK,50.25,37.8273,137.6033,0.507
noto_2024,AK,51.25,37.8273,137.6033,0.503
noto_2024,AK,52.52,37.8596,137.6235,0.38
noto_2024,AK,53.7,37.8758,137.6437,0.214
noto_2024,AK,54.9,37.5849,138.2296,0.279
noto_2024,AK,56.35,37.6334,138.27,0.3
noto_2024,AK,57.24,37.6172,138.27,0.336
noto_2024,AK,57.7,37.3909,137.6639,0.232
noto_2024,AK,57.8,37.5202,137.7448,0.296
noto_2024,AK,58.35,37.6334,138.27,0.367
noto_2024,AK,58.85,37.6334,138.1286,0.357
noto_2024,AK,61.72,37.7465,137.8862,0.208
noto_2024,AK,62.51,37.7465,137.8256,0.218
noto_2024,AK,64.17,37.9728,137.6033,0.198
noto_2024,AU,1.06,37.4879,137.2397,0.059
noto_2024,AU,2.06,37.4879,137.2397,0.083
noto_2024,AU,3.06,37.4879,137.2397,0.093
noto_2024,AU,4.06,37.4879,137.2397,0.098
noto_2024,AU,5.16,37.4718,137.2397,0.127
noto_2024,AU,6.27,37.4556,137.2195,0.181
noto_2024,AU,7.38,37.4394,137.2195,0.204
noto_2024,AU,8.38,37.4394,137.2195,0.181
noto_2024,AU,9.27,37.4556,137.1993,0.161
noto_2024,AU,10.27,37.4556,137.1993,0.16
noto_2024,AU,11.38,37.4394,137.2195,0.155
noto_2024,AU,12.28,37.4556,137.1791,0.168
noto_2024,AU,13.28,37.4556,137.1589,0.204
noto_2024,AU,14.28,37.4556,137.1589,0.226
noto_2024,AU,15.39,37.4394,137.1589,0.227
noto_2024,AU,16.39,37.4394,137.1589,0.279
noto_2024,AU,17.39,37.4394,137.1589,0.341
noto_2024,AU,18.39,37.4394,137.1589,0.356
noto_2024,AU,19.39,37.4394,137.1185,0.367
noto_2024,AU,20.5,37.4233,137.1185,0.374
noto_2024,AU,21.6,37.4071,137.1387,0.399
noto_2024,AU,22.7,37.3909,137.1791,0.413
noto_2024,AU,23.6,37.4071,137.1791,0.373
noto_2024,AU,24.6,37.4071,137.1589,0.311
noto_2024,AU,25.72,37.3909,137.0377,0.367
noto_2024,AU,26.83,37.3748,136.9973,0.43
noto_2024,AU,27.94,37.3586,136.9771,0.478
noto_2024,AU,29.15,37.3263,136.9569,0.533
noto_2024,AU,30.26,37.3101,136.9569,0.67
noto_2024,AU,31.26,37.3101,136.9771,0.811
noto_2024,AU,32.58,37.2617,136.9165,0.877
noto_2024,AU,33.69,37.2455,136.8761,0.959
noto_2024,AU,34.59,37.2617,136.8357,1.0
noto_2024,AU,35.49,37.2778,136.8154,0.953
noto_2024,AU,36.38,37.294,136.8154,0.922
noto_2024,AU,37.27,37.3101,136.8154,0.9
noto_2024,AU,38.27,37.3101,136.8357,0.771
noto_2024,AU,38.91,37.3586,137.1993,0.809
noto_2024,AU,40.12,37.3263,137.2599,0.811
noto_2024,AU,41.55,37.2617,137.2397,0.778
noto_2024,AU,42.33,37.294,137.2599,0.792
noto_2024,AU,43.11,37.3263,137.3003,0.857
noto_2024,AU,44.0,37.3425,137.3205,0.847
noto_2024,AU,45.31,37.294,137.3811,0.648
noto_2024,AU,46.19,37.7627,137.7043,0.438
noto_2024,AU,46.77,37.8273,137.6437,0.433
noto_2024,AU,47.69,37.8435,137.5225,0.356
noto_2024,AU,47.99,37.0516,136.6134,0.586
noto_2024,AU,48.78,37.0839,136.6336,0.555
noto_2024,AU,49.89,37.0677,136.6134,0.476
noto_2024,AU,52.39,37.4394,137.0983,0.348
noto_2024,AU,52.81,37.2293,136.7144,0.252
noto_2024,AU,53.5,37.4233,137.0983,0.404
noto_2024,AU,54.49,37.4233,137.1589,0.427
noto_2024,AU,55.8,37.3748,137.2397,0.437
noto_2024,AU,57.43,37.2778,137.3205,0.395
noto_2024,AU,58.43,37.2778,137.3407,0.339
noto_2024,AU,59.43,37.2778,137.3407,0.323
noto_2024,AU,60.53,37.2617,137.3407,0.349
noto_2024,AU,61.32,37.294,137.3205,0.397
noto_2024,US,0.87,37.4879,137.2397,0.095
noto_2024,US,1.87,37.4879,137.2397,0.136
noto_2024,US,2.92,37.5041,137.2397,0.165
noto_2024,US,3.98,37.5202,137.2397,0.185
noto_2024,US,4.98,37.5202,137.2397,0.208
noto_2024,US,5.98,37.5202,137.2397,0.236
noto_2024,US,6.91,37.5202,137.2195,0.266
noto_2024,US,7.9,37.5364,137.1993,0.308
noto_2024,US,8.9,37.5364,137.1993,0.327
noto_2024,US,9.83,37.5364,137.1791,0.317
noto_2024,US,10.83,37.5364,137.1791,0.301
noto_2024,US,11.59,37.4879,137.1589,0.334
noto_2024,US,12.48,37.4556,137.1589,0.383
noto_2024,US,13.49,37.4394,137.1791,0.361
noto_2024,US,14.31,37.4071,137.1589,0.297
noto_2024,US,15.17,37.4071,137.1185,0.26
noto_2024,US,16.37,37.4233,137.1589,0.249
noto_2024,US,17.25,37.3909,137.1589,0.344
noto_2024,US,18.25,37.3909,137.1589,0.425
noto_2024,US,19.19,37.3909,137.1387,0.503
noto_2024,US,20.19,37.3909,137.1387,0.536
noto_2024,US,21.19,37.3909,137.1387,0.499
noto_2024,US,22.12,37.3909,137.1185,0.454
noto_2024,US,22.99,37.3748,137.0983,0.379
noto_2024,US,24.12,37.3909,137.1185,0.274
noto_2024,US,26.31,37.5364,137.3205,0.291
noto_2024,US,27.89,37.6011,137.4215,0.385
noto_2024,US,28.89,37.6011,137.4215,0.537
noto_2024,US,29.83,37.5849,137.4215,0.64
noto_2024,US,31.21,37.6334,137.4821,0.67
noto_2024,US,31.52,37.3586,136.9771,0.743
noto_2024,US,32.26,37.3425,136.9165,0.921
noto_2024,US,32.32,37.6657,137.4821,0.67
noto_2024,US,32.98,37.6495,137.4013,0.637
noto_2024,US,33.38,37.3586,136.9367,0.947
noto_2024,US,34.26,37.3425,136.9165,0.926
noto_2024,US,35.01,37.3101,136.8761,0.959
noto_2024,US,35.94,37.3101,136.8559,0.998
noto_2024,US,36.8,37.3101,136.8154,1.0
noto_2024,US,37.87,37.3101,136.8357,0.903
noto_2024,US,38.52,37.2293,136.8154,0.759
noto_2024,US,39.07,37.1808,136.7346,0.737
noto_2024,US,39.99,37.197,136.6942,0.802
noto_2024,US,40.92,37.197,136.674,0.835
noto_2024,US,41.73,37.1808,136.6336,0.743
noto_2024,US,42.37,37.1162,136.5932,0.594
noto_2024,US,43.24,37.1,136.573,0.581
noto_2024,US,44.12,37.0839,136.5528,0.634
noto_2024,US,44.99,37.0677,136.5326,0.627
noto_2024,US,45.92,37.0677,136.5124,0.539
noto_2024,US,53.39,37.6334,137.8256,0.463
noto_2024,US,54.44,37.0354,137.2801,0.387
noto_2024,US,54.66,37.7303,137.8054,0.43
noto_2024,US,55.56,37.0516,137.3003,0.45
noto_2024,US,55.73,37.9243,137.3407,0.37
noto_2024,US,56.65,37.9404,137.3003,0.264
noto_2024,US,56.71,37.892,137.9468,0.422
noto_2024,US,56.82,37.0839,137.3407,0.442
noto_2024,US,58.49,37.197,137.4215,0.395
noto_2024,US,63.0,37.9081,137.7245,0.419
noto_2024,EU,1.06,37.4718,137.1993,0.046
noto_2024,EU,2.04,37.4879,137.2397,0.1
noto_2024,EU,2.94,37.4879,137.2801,0.135
noto_2024,EU,3.94,37.4879,137.2801,0.162
noto_2024,EU,4.94,37.4879,137.2801,0.173
noto_2024,EU,5.94,37.4879,137.2801,0.19
noto_2024,EU,6.99,37.4879,137.2599,0.246
noto_2024,EU,8.04,37.4879,137.2397,0.366
noto_2024,EU,9.11,37.5041,137.2397,0.446
noto_2024,EU,10.11,37.5041,137.2397,0.442
noto_2024,EU,11.08,37.4879,137.2195,0.403
noto_2024,EU,12.2,37.5041,137.1993,0.396
noto_2024,EU,13.13,37.4879,137.1993,0.441
noto_2024,EU,14.08,37.4879,137.2195,0.464
noto_2024,EU,15.01,37.4718,137.2195,0.411
noto_2024,EU,15.92,37.4394,137.1993,0.361
noto_2024,EU,16.9,37.4233,137.1791,0.344
noto_2024,EU,17.92,37.4071,137.1387,0.319
noto_2024,EU,18.99,37.4233,137.1387,0.37
noto_2024,EU,19.8,37.4556,137.2801,0.484
noto_2024,EU,20.8,37.4556,137.2801,0.563
noto_2024,EU,21.75,37.4233,137.2397,0.556
noto_2024,EU,22.78,37.4071,137.1993,0.535
noto_2024,EU,23.83,37.4071,137.1791,0.61
noto_2024,EU,24.94,37.4233,137.1589,0.817
noto_2024,EU,26.02,37.4394,137.1589,1.0
noto_2024,EU,27.04,37.4556,137.1791,0.956
noto_2024,EU,28.01,37.4718,137.2195,0.771
noto_2024,EU,29.01,37.5041,137.2801,0.747
noto_2024,EU,29.94,37.4879,137.2801,0.81
noto_2024,EU,30.89,37.4879,137.3003,0.792
noto_2024,EU,32.06,37.5364,137.3205,0.647
noto_2024,EU,33.17,37.6495,137.4821,0.43
noto_2024,EU,33.98,37.7142,137.6841,0.376
noto_2024,EU,35.27,37.5849,137.3205,0.435
noto_2024,EU,36.29,37.6011,137.3407,0.485
noto_2024,EU,37.34,37.5687,137.2599,0.555
noto_2024,EU,38.13,37.4556,137.1387,0.525
noto_2024,EU,39.22,37.7465,137.6437,0.408
noto_2024,EU,40.46,37.7788,137.6033,0.501
noto_2024,EU,41.86,37.7303,137.3407,0.656
noto_2024,EU,42.96,37.698,137.2397,0.827
noto_2024,EU,43.76,37.3586,137.1185,0.951
noto_2024,EU,43.77,37.6657,137.2599,0.937
noto_2024,EU,44.88,37.3748,137.0983,0.945
noto_2024,EU,45.86,37.3263,137.0175,0.82
noto_2024,EU,46.88,37.2778,136.9165,0.691
noto_2024,EU,47.96,37.2617,136.8559,0.694
noto_2024,EU,49.19,37.294,136.8154,0.742
noto_2024,EU,50.38,37.3586,136.8559,0.75
noto_2024,EU,51.57,37.4233,136.8963,0.723
noto_2024,EU,52.6,37.7465,137.4821,0.701
noto_2024,EU,53.74,37.7788,137.4821,0.723
noto_2024,EU,54.67,37.7627,137.4821,0.615
noto_2024,EU,55.57,37.795,137.5831,0.413
noto_2024,AU_second_initiation,33.69,37.6172,137.543,0.959
noto_2024,AU_second_initiation,46.19,37.1,136.654,0.438
noto_2024,AU_second_initiation,46.77,37.1647,136.714,0.433
noto_2024,AU_second_initiation,47.69,37.197,136.714,0.356
noto_2024,AU_second_initiation,49.89,37.892,137.624,0.476
noto_2024,AU_second_initiation,52.81,37.7456,137.684,0.252
maduo_2021,AU,1.0,34.6122,98.3471,0.388
maduo_2021,AU,2.08,34.596,98.3471,0.508
maduo_2021,AU,3.08,34.596,98.3471,0.554
maduo_2021,AU,4.25,34.5799,98.3774,0.576
maduo_2021,AU,5.26,34.596,98.4077,0.581
maduo_2021,AU,6.51,34.5637,98.438,0.627
maduo_2021,AU,7.51,34.5637,98.438,0.631
maduo_2021,AU,8.69,34.5475,98.4683,0.54
maduo_2021,AU,8.77,34.693,98.0744,0.519
maduo_2021,AU,9.69,34.7092,98.0744,0.556
maduo_2021,AU,10.4,34.5475,98.7107,0.5
maduo_2021,AU,10.69,34.7092,98.0744,0.572
maduo_2021,AU,11.86,34.693,98.1047,0.567
maduo_2021,AU,13.04,34.6768,98.135,0.551
maduo_2021,AU,14.04,34.6768,98.135,0.471
maduo_2021,AU,17.38,34.4991,98.6198,0.514
maduo_2021,AU,18.83,34.4829,98.741,0.569
maduo_2021,AU,20.1,34.4991,98.8623,0.646
maduo_2021,AU,21.53,34.4667,98.9532,0.772
maduo_2021,AU,22.8,34.4506,99.0138,0.807
maduo_2021,AU,23.89,34.4506,99.0441,0.769
maduo_2021,AU,24.89,34.4506,99.0441,0.76
maduo_2021,AU,26.15,34.4344,99.1047,0.901
maduo_2021,AU,27.32,34.4182,99.135,0.997
maduo_2021,AU,28.41,34.4182,99.1653,0.983
maduo_2021,AU,29.12,34.8061,97.7107,0.42
maduo_2021,AU,29.58,34.4021,99.1956,0.89
maduo_2021,AU,30.29,34.79,97.741,0.486
maduo_2021,AU,30.5,34.4182,99.1956,0.742
maduo_2021,AU,31.39,34.8061,97.8017,0.522
maduo_2021,AU,31.41,34.4182,99.1653,0.603
maduo_2021,AU,32.24,34.4344,99.135,0.541
maduo_2021,AU,32.31,34.8223,97.8017,0.495
maduo_2021,AU,33.06,34.4506,99.1047,0.496
maduo_2021,AU,34.15,34.4344,99.1047,0.433
maduo_2021,AU,38.45,34.7738,98.1047,0.295
maduo_2021,AU,39.36,34.7738,98.0744,0.27
maduo_2021,AU,39.74,34.3213,99.1047,0.441
maduo_2021,AU,40.74,34.3213,99.1047,0.422
maduo_2021,AU,42.71,34.9193,98.1047,0.306
maduo_2021,AU,43.36,34.4344,99.8623,0.405
maduo_2021,AU,43.92,34.4667,99.7713,0.348
maduo_2021,AU,47.35,34.4182,99.832,0.343
maduo_2021,AU,48.53,34.4021,99.8623,0.3
maduo_2021,AU,48.99,34.3698,99.6198,0.339
maduo_2021,EU,0.78,34.6122,98.4077,0.41
maduo_2021,EU,1.78,34.6122,98.4077,0.566
maduo_2021,EU,2.97,34.6283,98.3774,0.853
maduo_2021,EU,3.97,34.6283,98.3774,0.996
maduo_2021,EU,4.97,34.6283,98.3774,1.0
maduo_2021,EU,6.29,34.6445,98.3168,0.96
maduo_2021,EU,7.29,34.6445,98.3168,0.889
maduo_2021,EU,8.29,34.6445,98.3168,0.844
maduo_2021,EU,9.42,34.6445,98.2865,0.877
maduo_2021,EU,10.42,34.6445,98.2865,0.891
maduo_2021,EU,11.74,34.6607,98.2259,0.777
maduo_2021,EU,12.74,34.6607,98.2259,0.673
maduo_2021,EU,13.74,34.6607,98.2259,0.646
maduo_2021,EU,14.74,34.6607,98.2259,0.667
maduo_2021,EU,15.93,34.6768,98.1956,0.701
maduo_2021,EU,17.25,34.693,98.135,0.672
maduo_2021,EU,18.38,34.693,98.1047,0.577
maduo_2021,EU,20.34,34.7415,97.9229,0.541
maduo_2021,EU,21.66,34.7576,97.8623,0.627
maduo_2021,EU,22.86,34.7738,97.832,0.77
maduo_2021,EU,24.18,34.79,97.7713,0.905
maduo_2021,EU,25.18,34.79,97.7713,0.956
maduo_2021,EU,25.92,34.4991,98.9835,0.364
maduo_2021,EU,26.3,34.79,97.741,0.925
maduo_2021,EU,27.11,34.5152,98.9532,0.455
maduo_2021,EU,27.63,34.8061,97.6804,0.874
maduo_2021,EU,28.11,34.5152,98.9532,0.489
maduo_2021,EU,28.63,34.8061,97.6804,0.835
maduo_2021,EU,28.98,34.5152,98.9835,0.457
maduo_2021,EU,29.63,34.8061,97.6804,0.721
maduo_2021,EU,29.79,34.4991,99.0138,0.408
maduo_2021,EU,30.3,34.79,97.741,0.527
maduo_2021,EU,30.72,34.4829,99.0138,0.365
maduo_2021,EU,31.11,34.7738,97.7713,0.369
maduo_2021,EU,31.66,34.4667,99.0138,0.349
maduo_2021,EU,32.91,34.4667,98.9532,0.326
maduo_2021,EU,33.91,34.4667,98.9532,0.31
maduo_2021,EU,34.59,34.4506,99.0138,0.292
maduo_2021,EU,47.49,35.4203,97.135,0.277
maduo_2021,EU,47.98,35.4203,97.2562,0.336
maduo_2021,EU,48.59,35.4203,97.3471,0.375
maduo_2021,EU,49.21,35.4203,97.438,0.392
maduo_2021,EU,49.76,35.4041,97.5289,0.39
maduo_2021,EU,50.51,35.4041,97.5895,0.431
maduo_2021,EU,51.38,35.4041,97.6198,0.541
maduo_2021,AK,0.72,34.6122,98.2562,0.4
maduo_2021,AK,1.67,34.6283,98.1956,0.652
maduo_2021,AK,2.58,34.6122,98.1956,0.797
maduo_2021,AK,3.51,34.6122,98.1653,0.827
maduo_2021,AK,4.49,34.596,98.1956,0.835
maduo_2021,AK,5.49,34.596,98.1956,0.853
maduo_2021,AK,6.56,34.596,98.2259,0.812
maduo_2021,AK,7.65,34.6122,98.2259,0.693
maduo_2021,AK,8.74,34.6283,98.2259,0.591
maduo_2021,AK,9.92,34.5637,98.4683,0.588
maduo_2021,AK,10.87,34.5799,98.4077,0.724
maduo_2021,AK,11.81,34.5799,98.3774,0.763
maduo_2021,AK,13.24,34.5475,98.6501,0.785
maduo_2021,AK,14.19,34.5152,98.7107,0.881
maduo_2021,AK,15.19,34.5152,98.7107,0.981
maduo_2021,AK,16.17,34.4991,98.741,0.95
maduo_2021,AK,17.28,34.4829,98.832,0.784
maduo_2021,AK,18.56,34.4829,98.9532,0.654
maduo_2021,AK,19.72,34.4991,98.9835,0.595
maduo_2021,AK,20.83,34.5314,98.9532,0.528
maduo_2021,AK,21.24,34.6607,97.9229,0.426
maduo_2021,AK,21.79,34.5475,98.8926,0.493
maduo_2021,AK,22.15,34.6445,97.9229,0.467
maduo_2021,AK,23.36,34.693,97.8926,0.553
maduo_2021,AK,24.66,34.7576,97.8623,0.649
maduo_2021,AK,25.59,34.7576,97.832,0.691
maduo_2021,AK,26.66,34.7576,97.8623,0.732
maduo_2021,AK,27.79,34.7576,97.9229,0.774
maduo_2021,AK,28.95,34.7738,97.9532,0.811
maduo_2021,AK,30.18,34.79,98.0138,0.915
maduo_2021,AK,31.34,34.8061,98.0441,1.0
maduo_2021,AK,32.41,34.8061,98.0744,0.959
maduo_2021,AK,33.61,34.8061,98.1653,0.779
maduo_2021,AK,34.47,34.8061,98.1047,0.597
maduo_2021,AK,36.09,34.9031,98.135,0.536
maduo_2021,AK,37.23,34.8223,97.9532,0.494
maduo_2021,AK,37.41,34.9354,98.1956,0.535
maduo_2021,AK,39.42,34.3374,99.2562,0.346
maduo_2021,AK,40.56,34.3374,99.3168,0.394
maduo_2021,AK,41.74,34.3698,99.3168,0.395
maduo_2021,AK,43.11,34.6283,98.832,0.394
maduo_2021,AK,43.31,35.0647,99.5895,0.368
maduo_2021,AK,44.65,34.6768,98.9532,0.428
maduo_2021,AU_second,9.69,34.4829,98.6804,0.534
maduo_2021,AU_second,10.4,34.6607,98.135,0.457
maduo_2021,AU_second,10.69,34.4829,98.6501,0.513
maduo_2021,AU_second,11.86,34.4829,98.6198,0.431
maduo_2021,AU_second,13.04,34.4991,98.4986,0.425
maduo_2021,AU_second,14.04,34.4991,98.4986,0.441
maduo_2021,EU_second,30.3,34.4991,98.9229,0.294
maduo_2021,EU_second,31.11,34.4991,98.9532,0.272
turkey_m78_2023,CH,1.14,37.2526,37.0885,0.02
turkey_m78_2023,CH,2.14,37.2526,37.0885,0.057
turkey_m78_2023,CH,3.14,37.2526,37.0885,0.091
turkey_m78_2023,CH,4.47,37.2931,37.1339,0.146
turkey_m78_2023,CH,5.24,37.2931,37.0885,0.189
turkey_m78_2023,CH,6.24,37.2931,37.0885,0.235
turkey_m78_2023,CH,7.24,37.2931,37.0885,0.337
turkey_m78_2023,CH,8.34,37.3335,37.0885,0.455
turkey_m78_2023,CH,9.57,37.3335,37.1339,0.541
turkey_m78_2023,CH,10.34,37.3335,37.0885,0.591
turkey_m78_2023,CH,11.9,37.3739,37.1794,0.59
turkey_m78_2023,CH,12.9,37.3739,37.1794,0.584
turkey_m78_2023,CH,14.23,37.4143,37.2248,0.536
turkey_m78_2023,CH,15.79,37.4547,37.3157,0.454
turkey_m78_2023,CH,17.13,37.4951,37.3612,0.464
turkey_m78_2023,CH,17.9,37.4951,37.3157,0.456
turkey_m78_2023,CH,18.87,37.5759,37.2703,0.519
turkey_m78_2023,CH,19.77,37.5355,37.2703,0.604
turkey_m78_2023,CH,20.87,37.5759,37.2703,0.569
turkey_m78_2023,CH,22.2,37.6163,37.3157,0.596
turkey_m78_2023,CH,23.2,37.6163,37.3157,0.706
turkey_m78_2023,CH,24.43,37.6163,37.3612,0.695
turkey_m78_2023,CH,25.76,37.6567,37.4066,0.652
turkey_m78_2023,CH,27.19,37.7375,37.4521,0.664
turkey_m78_2023,CH,27.96,37.7375,37.4066,0.593
turkey_m78_2023,CH,28.54,37.5355,37.2248,0.396
turkey_m78_2023,CH,28.96,37.7375,37.4066,0.467
turkey_m78_2023,CH,32.31,37.8183,37.6339,0.458
turkey_m78_2023,CH,33.54,37.8183,37.6794,0.58
turkey_m78_2023,CH,35.33,37.8587,37.8157,0.614
turkey_m78_2023,CH,36.23,37.8183,37.8157,0.695
turkey_m78_2023,CH,37.13,37.7779,37.8157,0.666
turkey_m78_2023,CH,37.8,37.7375,37.7703,0.585
turkey_m78_2023,CH,39.03,37.7375,37.8157,0.577
turkey_m78_2023,CH,40.59,37.7779,37.9066,0.548
turkey_m78_2023,CH,42.38,37.8183,38.043,0.566
turkey_m78_2023,CH,44.17,37.8587,38.1794,0.554
turkey_m78_2023,CH,45.93,37.9799,38.2703,0.562
turkey_m78_2023,CH,46.57,38.0203,38.1794,0.707
turkey_m78_2023,CH,47.57,38.0203,38.1794,0.878
turkey_m78_2023,CH,48.57,38.0203,38.1794,0.995
turkey_m78_2023,CH,48.78,37.1314,36.6794,0.36
turkey_m78_2023,CH,49.57,38.0203,38.1794,1.0
turkey_m78_2023,CH,50.33,37.1718,36.7703,0.301
turkey_m78_2023,CH,50.7,37.9799,38.2248,0.901
turkey_m78_2023,CH,51.7,37.9799,38.2248,0.753
turkey_m78_2023,CH,51.89,37.2122,36.8612,0.313
turkey_m78_2023,CH,52.56,37.1718,36.8157,0.325
turkey_m78_2023,CH,52.93,37.9799,38.2703,0.599
turkey_m78_2023,CH,52.94,37.8587,38.1339,0.474
turkey_m78_2023,CH,53.56,37.1718,36.8157,0.292
turkey_m78_2023,CH,53.94,37.8587,38.1339,0.409
turkey_m78_2023,CH,54.56,37.1718,36.8157,0.245
turkey_m78_2023,CH,54.61,37.8183,38.0885,0.404
turkey_m78_2023,CH,55.89,37.2122,36.8612,0.237
turkey_m78_2023,CH,56.69,37.1314,36.8612,0.231
turkey_m78_2023,CH,57.67,37.2122,36.8157,0.235
turkey_m78_2023,CH,58.09,36.687,36.7703,0.258
turkey_m78_2023,CH,58.23,38.1011,38.2703,0.361
turkey_m78_2023,CH,58.25,38.1415,38.4521,0.393
turkey_m78_2023,CH,58.67,37.2122,36.8157,0.221
turkey_m78_2023,CH,59.09,36.687,36.7703,0.275
turkey_m78_2023,CH,59.53,36.6466,36.6794,0.292
turkey_m78_2023,CH,60.52,36.6062,36.4975,0.409
turkey_m78_2023,CH,60.6,36.6062,36.3157,0.356
turkey_m78_2023,CH,60.64,36.687,36.6794,0.351
turkey_m78_2023,CH,63.18,36.687,36.5885,0.391
turkey_m78_2023,CH,63.95,36.687,36.543,0.441
turkey_m78_2023,CH,64.72,36.687,36.4975,0.46
turkey_m78_2023,CH,65.72,36.687,36.4975,0.418
turkey_m78_2023,CH,66.72,36.687,36.4975,0.324
turkey_m78_2023,CH,67.76,36.5254,36.5885,0.275
turkey_m78_2023,CH,68.76,36.5254,36.5885,0.299
turkey_m78_2023,CH,69.76,36.5254,36.5885,0.32
turkey_m78_2023,CH,70.76,36.5254,36.5885,0.322
turkey_m78_2023,CH,71.76,36.5254,36.5885,0.273
turkey_m78_2023,CH,71.96,36.5658,36.4066,0.204
turkey_m78_2023,CH,72.06,36.485,36.2703,0.155
turkey_m78_2023,CH,72.5,36.4446,36.1794,0.151
turkey_m78_2023,CH,73.73,36.4446,36.2248,0.191
turkey_m78_2023,CH,74.73,36.4446,36.2248,0.219
turkey_m78_2023,CH,76.64,36.4446,36.4066,0.225
turkey_m78_2023,CH,78.2,36.485,36.4975,0.271
turkey_m78_2023,CH,79.41,36.3234,36.2248,0.25
turkey_m78_2023,CH,79.68,36.4042,36.6339,0.312
turkey_m78_2023,CH,79.87,36.4446,36.4521,0.249
turkey_m78_2023,CH,80.41,36.3234,36.2248,0.255
turkey_m78_2023,CH,81.19,36.3234,36.1794,0.278
turkey_m78_2023,CH,82.06,36.3638,36.1339,0.364
turkey_m78_2023,CH,83.29,36.3638,36.1794,0.373
turkey_m78_2023,CH,85.19,36.4446,36.3157,0.388
turkey_m78_2023,CH,85.85,36.4042,36.2703,0.425
turkey_m78_2023,CH,86.85,36.4042,36.2703,0.379
turkey_m78_2023,CH,87.36,36.2829,35.6339,0.243
turkey_m78_2023,CH,87.98,36.3638,36.3157,0.306
turkey_m78_2023,CH,88.91,36.3234,35.7248,0.288
turkey_m78_2023,CH,89.31,36.4042,36.3612,0.24
turkey_m78_2023,CH,89.91,36.3234,35.7248,0.306
turkey_m78_2023,CH,90.08,36.4042,36.3157,0.21
turkey_m78_2023,CH,91.38,36.2425,35.8612,0.279
turkey_m78_2023,CH,92.05,36.2021,35.8157,0.313
turkey_m78_2023,CH,93.28,36.2021,35.8612,0.334
turkey_m78_2023,CH,94.28,36.2021,35.8612,0.342
turkey_m78_2023,CH,95.28,36.2021,35.8612,0.305
turkey_m78_2023,CH,96.51,36.2021,35.9066,0.266
turkey_m78_2023,CH,97.51,36.2021,35.9066,0.234
turkey_m78_2023,CH,98.28,36.2021,35.8612,0.222
turkey_m78_2023,CH,99.05,36.2021,35.8157,0.236
turkey_m78_2023,CH,100.38,36.2425,35.8612,0.227
turkey_m78_2023,CH,100.89,36.3638,35.4975,0.206
turkey_m78_2023,CH,101.38,36.2425,35.8612,0.193
turkey_m78_2023,CH,101.56,36.3234,35.4521,0.238
turkey_m78_2023,CH,102.56,36.3234,35.4521,0.231
turkey_m78_2023,CH,103.22,36.2829,35.4066,0.207
turkey_m78_2023,CH,104.22,36.2829,35.4066,0.182
turkey_m78_2023,CH,105.12,36.2425,35.4066,0.172
turkey_m78_2023,CH,106.01,36.2021,35.4066,0.155
turkey_m78_2023,CH,107.01,36.2021,35.4066,0.128
turkey_m78_2023,CH,109.47,36.0809,35.3612,0.14
turkey_m78_2023,CH,110.47,36.0809,35.3612,0.16
turkey_m78_2023,CH,111.57,36.1213,35.3612,0.155
turkey_m78_2023,CH,112.52,35.6365,35.4066,0.161
turkey_m78_2023,CH,112.57,36.1213,35.3612,0.139
turkey_m78_2023,CH,112.61,35.8385,36.3157,0.114
turkey_m78_2023,CH,112.84,35.6365,35.2703,0.147
turkey_m78_2023,CH,113.84,35.6365,35.2703,0.154
turkey_m78_2023,CH,115.17,35.6769,35.3157,0.169
turkey_m78_2023,CH,115.95,35.6769,35.2703,0.194
turkey_m78_2023,CH,118.31,35.6769,35.543,0.201
turkey_m78_2023,CH,119.41,35.7173,35.543,0.25
turkey_m78_2023,CH,119.68,38.1011,36.7703,0.12
turkey_m78_2023,CH,120.31,35.6769,35.543,0.247
turkey_m78_2023,CH,120.75,35.6365,35.4521,0.285
turkey_m78_2023,CH,121.08,35.5557,35.3612,0.363
turkey_m78_2023,CH,121.75,35.5153,35.3157,0.393
turkey_m78_2023,CH,122.75,35.5153,35.3157,0.409
turkey_m78_2023,CH,123.75,35.5153,35.3157,0.425
turkey_m78_2023,CH,125.08,35.5557,35.3612,0.416
turkey_m78_2023,CH,125.75,35.5153,35.3157,0.362
turkey_m78_2023,CH,126.75,35.5153,35.3157,0.266
turkey_m78_2023,CH,127.75,35.5153,35.3157,0.19
turkey_m78_2023,CH,130.09,35.5961,35.543,0.195
turkey_m78_2023,CH,131.66,35.6365,35.6339,0.2
turkey_m78_2023,CH,131.84,35.6365,35.2703,0.092
turkey_m78_2023,CH,132.66,35.6365,35.6339,0.173
turkey_m78_2023,CH,132.95,35.6769,35.2703,0.106
turkey_m78_2023,CH,133.46,35.9193,35.043,0.112
turkey_m78_2023,CH,134.46,35.9193,35.043,0.114
turkey_m78_2023,CH,135.46,35.9193,35.043,0.112
turkey_m78_2023,CH,136.69,35.9193,35.0885,0.121
turkey_m78_2023,CH,138.03,35.8789,35.1794,0.108
turkey_m78_2023,CH,138.88,35.8789,34.543,0.106
turkey_m78_2023,CH,140.1,35.8789,34.5885,0.123
turkey_m78_2023,CH,141.1,35.8789,34.5885,0.133
turkey_m78_2023,CH,141.77,35.8385,34.543,0.143
turkey_m78_2023,CH,142.77,35.8385,34.543,0.132
turkey_m78_2023,CH,146.56,36.3234,36.4521,0.108
turkey_m78_2023,CH,150.97,36.4042,37.0885,0.079
turkey_m78_2023,CH,153.34,35.2324,37.9521,0.097
turkey_m78_2023,CH,153.96,36.3234,36.1339,0.071
turkey_m78_2023,CH,154.16,35.0304,37.043,0.078
turkey_m78_2023,CH,154.96,36.3234,36.1339,0.075
turkey_m78_2023,CH,155.96,36.3234,36.1339,0.084
turkey_m78_2023,CH,157.29,36.3638,36.1794,0.089
turkey_m78_2023,CH,158.29,36.3638,36.1794,0.087
turkey_m78_2023,CH,160.06,36.485,36.2703,0.064
turkey_m78_2023,CH_second,48.78,38.1011,38.2248,0.28
turkey_m78_2023,CH_second,50.33,38.1011,38.3157,0.258
turkey_m78_2023,CH_second,51.89,38.1011,38.2703,0.19
turkey_m78_2023,CH_second,52.56,37.7779,37.3157,0.26
turkey_m78_2023,CH_second,52.93,37.091,36.5885,0.307
turkey_m78_2023,CH_second,52.94,37.1314,36.6794,0.352
turkey_m78_2023,CH_second,53.56,37.7779,37.3157,0.288
turkey_m78_2023,CH_second,53.94,37.1718,36.7703,0.346
turkey_m78_2023,CH_second,54.61,37.091,36.7248,0.378
turkey_m78_2023,CH_second,58.23,37.091,36.6794,0.409
turkey_m78_2023,CH_second,58.25,37.0506,36.6794,0.412
turkey_m78_2023,AK,0.39,37.2122,37.0885,0.024
turkey_m78_2023,AK,1.16,37.1718,37.043,0.032
turkey_m78_2023,AK,2.58,37.2526,37.043,0.054
turkey_m78_2023,AK,4.03,37.3335,37.0885,0.078
turkey_m78_2023,AK,4.81,37.2931,37.0885,0.106
turkey_m78_2023,AK,5.81,37.2931,37.0885,0.135
turkey_m78_2023,AK,6.6,37.2526,37.0885,0.155
turkey_m78_2023,AK,7.83,37.2931,37.1339,0.195
turkey_m78_2023,AK,8.6,37.2526,37.0885,0.205
turkey_m78_2023,AK,9.6,37.2526,37.0885,0.195
turkey_m78_2023,AK,10.83,37.2931,37.1339,0.217
turkey_m78_2023,AK,12.06,37.3335,37.1794,0.244
turkey_m78_2023,AK,13.27,37.3739,37.1794,0.36
turkey_m78_2023,AK,14.49,37.4143,37.1794,0.486
turkey_m78_2023,AK,15.47,37.4143,37.1339,0.598
turkey_m78_2023,AK,16.47,37.4143,37.1339,0.652
turkey_m78_2023,AK,17.47,37.4143,37.1339,0.698
turkey_m78_2023,AK,18.92,37.4951,37.1794,0.764
turkey_m78_2023,AK,19.92,37.4951,37.1794,0.726
turkey_m78_2023,AK,21.13,37.5355,37.1794,0.568
turkey_m78_2023,AK,22.36,37.5759,37.2248,0.431
turkey_m78_2023,AK,24.07,37.6971,37.4066,0.393
turkey_m78_2023,AK,25.55,37.7779,37.543,0.417
turkey_m78_2023,AK,26.31,37.7375,37.4975,0.429
turkey_m78_2023,AK,27.3,37.7375,37.4521,0.525
turkey_m78_2023,AK,28.07,37.6971,37.4066,0.609
turkey_m78_2023,AK,28.85,37.6567,37.4066,0.674
turkey_m78_2023,AK,29.64,37.6163,37.4066,0.781
turkey_m78_2023,AK,30.87,37.6567,37.4521,0.847
turkey_m78_2023,AK,31.88,37.6567,37.4975,0.834
turkey_m78_2023,AK,33.35,37.7375,37.5885,0.746
turkey_m78_2023,AK,34.82,37.8183,37.7248,0.626
turkey_m78_2023,AK,35.63,37.7779,37.7703,0.623
turkey_m78_2023,AK,36.87,37.8183,37.8612,0.643
turkey_m78_2023,AK,37.91,37.8183,37.9521,0.619
turkey_m78_2023,AK,38.92,37.8183,37.9975,0.574
turkey_m78_2023,AK,39.71,37.7779,37.9975,0.551
turkey_m78_2023,AK,40.67,37.7779,37.9066,0.53
turkey_m78_2023,AK,41.84,37.8183,37.7703,0.448
turkey_m78_2023,AK,43.06,37.8587,37.7703,0.383
turkey_m78_2023,AK,44.06,37.8587,37.7703,0.531
turkey_m78_2023,AK,45.52,37.9395,37.8612,0.735
turkey_m78_2023,AK,46.77,37.9799,37.9521,0.852
turkey_m78_2023,AK,48.02,38.0203,38.043,0.916
turkey_m78_2023,AK,49.24,38.0607,38.043,0.982
turkey_m78_2023,AK,50.24,38.0607,38.043,1.0
turkey_m78_2023,AK,51.24,38.0607,38.043,0.95
turkey_m78_2023,AK,52.0,38.0203,37.9975,0.852
turkey_m78_2023,AK,52.34,37.8991,37.9521,0.792
turkey_m78_2023,AK,53.35,37.8991,37.9975,0.742
turkey_m78_2023,AK,54.73,36.9294,36.5885,0.259
turkey_m78_2023,AK,54.77,37.9799,37.9521,0.671
turkey_m78_2023,AK,55.77,37.9799,37.9521,0.617
turkey_m78_2023,AK,56.56,37.091,36.4975,0.264
turkey_m78_2023,AK,57.19,36.8082,36.9066,0.306
turkey_m78_2023,AK,57.25,38.0607,38.0885,0.591
turkey_m78_2023,AK,57.73,37.1314,36.3612,0.288
turkey_m78_2023,AK,58.05,38.0203,38.1339,0.558
turkey_m78_2023,AK,59.54,38.1011,38.2703,0.486
turkey_m78_2023,AK,59.66,37.091,36.8157,0.344
turkey_m78_2023,AK,59.92,37.9799,38.3612,0.413
turkey_m78_2023,AK,61.5,37.2526,36.7703,0.372
turkey_m78_2023,AK,62.52,37.2526,36.8612,0.349
turkey_m78_2023,AK,62.88,37.1314,36.8612,0.353
turkey_m78_2023,AK,65.02,36.6062,36.543,0.579
turkey_m78_2023,AK,66.23,36.6466,36.543,0.559
turkey_m78_2023,AK,67.02,36.6062,36.543,0.553
turkey_m78_2023,AK,68.24,36.6466,36.5885,0.542
turkey_m78_2023,AK,69.47,36.687,36.6339,0.481
turkey_m78_2023,AK,70.71,38.3032,38.4975,0.518
turkey_m78_2023,AK,71.47,38.2627,38.4521,0.583
turkey_m78_2023,AK,72.47,38.2627,38.4521,0.629
turkey_m78_2023,AK,73.05,36.6062,36.6339,0.348
turkey_m78_2023,AK,73.27,38.2223,38.4975,0.634
turkey_m78_2023,AK,74.02,37.3739,36.4066,0.426
turkey_m78_2023,AK,74.06,36.6062,36.6794,0.4
turkey_m78_2023,AK,74.15,37.2122,36.3612,0.354
turkey_m78_2023,AK,74.83,36.5658,36.6339,0.423
turkey_m78_2023,AK,75.38,36.485,36.543,0.451
turkey_m78_2023,AK,76.82,36.5658,36.5885,0.499
turkey_m78_2023,AK,77.82,36.5658,36.5885,0.525
turkey_m78_2023,AK,78.59,36.5254,36.543,0.479
turkey_m78_2023,AK,79.57,36.5254,36.4521,0.36
turkey_m78_2023,AK,79.74,38.0607,36.5885,0.387
turkey_m78_2023,AK,84.23,36.485,36.043,0.224
turkey_m78_2023,AK,84.8,36.4042,35.9975,0.233
turkey_m78_2023,AK,86.18,36.485,35.8612,0.264
turkey_m78_2023,AK,87.56,36.5658,35.7248,0.251
turkey_m78_2023,AK,88.55,36.5658,35.6794,0.213
turkey_m78_2023,AK,89.68,36.5254,36.8157,0.214
turkey_m78_2023,AK,90.45,36.485,36.7703,0.26
turkey_m78_2023,AK,90.68,36.4042,35.5885,0.353
turkey_m78_2023,AK,90.92,38.3032,39.043,0.302
turkey_m78_2023,AK,91.92,38.3032,39.043,0.296
turkey_m78_2023,AK,92.09,36.485,35.543,0.443
turkey_m78_2023,AK,92.7,38.2627,39.043,0.313
turkey_m78_2023,AK,93.49,38.2223,39.043,0.298
turkey_m78_2023,AK,93.51,36.5658,35.543,0.456
turkey_m78_2023,AK,94.3,36.5254,35.543,0.426
turkey_m78_2023,AK,95.09,36.485,35.543,0.377
turkey_m78_2023,AK,96.08,36.485,35.4975,0.326
turkey_m78_2023,AK,98.97,36.8082,36.1794,0.294
turkey_m78_2023,AK,101.05,37.0102,36.2248,0.313
turkey_m78_2023,AK,102.27,37.0506,36.2703,0.301
turkey_m78_2023,AK,108.74,37.2931,36.8612,0.254
turkey_m78_2023,AK,108.91,36.2425,35.8612,0.204
turkey_m78_2023,AK,109.27,36.1213,35.8157,0.178
turkey_m78_2023,AK,109.54,37.2526,36.9066,0.253
turkey_m78_2023,AK,109.93,36.9698,36.543,0.234
turkey_m78_2023,AK,110.2,38.1415,36.6794,0.318
turkey_m78_2023,AK,110.31,37.2122,36.8612,0.244
turkey_m78_2023,AK,110.47,36.1617,35.7703,0.142
turkey_m78_2023,AK,110.53,38.384,36.7703,0.338
turkey_m78_2023,AK,110.82,37.9799,38.0885,0.289
turkey_m78_2023,AK,111.74,37.1314,36.4066,0.225
turkey_m78_2023,AK,112.29,37.0506,36.3157,0.215
turkey_m78_2023,AK,112.32,38.0607,38.2703,0.268
turkey_m78_2023,AK,113.6,36.5658,35.8612,0.126
turkey_m78_2023,AK,113.7,35.8385,35.4521,0.198
turkey_m78_2023,AK,114.14,36.1213,35.3612,0.197
turkey_m78_2023,AK,114.64,35.6365,35.4066,0.233
turkey_m78_2023,AK,114.68,35.8385,35.3612,0.211
turkey_m78_2023,AK,114.79,36.4446,35.2248,0.193
turkey_m78_2023,AK,115.44,35.5961,35.4066,0.345
turkey_m78_2023,AK,116.05,36.8486,35.7248,0.153
turkey_m78_2023,AK,116.66,35.6365,35.4521,0.468
turkey_m78_2023,AK,117.87,35.6769,35.4521,0.564
turkey_m78_2023,AK,118.87,35.6769,35.4521,0.582
turkey_m78_2023,AK,120.08,35.7173,35.4521,0.517
turkey_m78_2023,AK,121.08,35.7173,35.4521,0.417
turkey_m78_2023,AK,122.08,35.7173,35.4521,0.328
turkey_m78_2023,AK,123.08,35.7173,35.4521,0.279
turkey_m78_2023,AK,123.85,35.4749,35.543,0.242
turkey_m78_2023,AK,124.3,35.7577,35.4975,0.257
turkey_m78_2023,AK,124.42,35.3941,35.4975,0.255
turkey_m78_2023,AK,125.63,35.4345,35.4975,0.241
turkey_m78_2023,AK,126.56,35.2324,35.4066,0.174
turkey_m78_2023,AK,126.63,35.4345,35.4975,0.19
turkey_m78_2023,AK,128.59,35.4345,35.3612,0.211
turkey_m78_2023,AK,129.37,35.3941,35.3157,0.257
turkey_m78_2023,AK,130.58,35.4345,35.3157,0.257
turkey_m78_2023,AK,131.79,35.4749,35.3157,0.221
turkey_m78_2023,AK,133.23,35.5557,35.4066,0.185
turkey_m78_2023,AK,133.81,35.4749,35.4066,0.174
turkey_m78_2023,AK,134.84,35.4749,35.4975,0.181
turkey_m78_2023,AK,135.84,35.4749,35.4975,0.195
turkey_m78_2023,AK,136.42,35.3941,35.4975,0.224
turkey_m78_2023,AK,137.64,35.4345,35.543,0.247
turkey_m78_2023,AK,139.5,35.5961,35.6339,0.25
turkey_m78_2023,AK,140.49,35.5961,35.5885,0.231
turkey_m78_2023,AK,141.67,35.6365,35.4975,0.208
turkey_m78_2023,AK,144.12,35.9193,35.4521,0.205
turkey_m78_2023,AK,144.38,34.788,35.7248,0.199
turkey_m78_2023,AK,145.55,36.0001,35.4975,0.221
turkey_m78_2023,AK,146.52,35.7981,35.543,0.18
turkey_m78_2023,AK,146.79,36.0405,35.5885,0.216
turkey_m78_2023,AK,147.36,34.99,35.543,0.167
turkey_m78_2023,AK,148.36,34.99,35.543,0.138
turkey_m78_2023,AK,148.44,36.0001,35.0885,0.191
turkey_m78_2023,AK,149.01,35.9193,35.043,0.198
turkey_m78_2023,AK,149.58,35.0304,35.5885,0.109
turkey_m78_2023,AK,152.09,36.1213,35.1339,0.196
turkey_m78_2023,AK,155.06,35.3133,35.6794,0.095
turkey_m78_2023,AK,156.06,35.3133,35.6794,0.103
turkey_m78_2023,AK,158.43,36.0001,38.2248,0.063
turkey_m78_2023,AK,163.2,37.3739,36.9521,0.086
turkey_m78_2023,AK,164.21,37.3739,36.9975,0.074
turkey_m78_2023,AK_second,53.35,37.091,36.9521,0.451
turkey_m78_2023,AK_second,54.73,37.9799,38.4066,0.382
turkey_m78_2023,AK_second,54.77,37.1314,36.9521,0.479
turkey_m78_2023,AK_second,55.77,37.091,36.9521,0.449
turkey_m78_2023,AK_second,56.56,38.0203,38.4521,0.36
turkey_m78_2023,AK_second,57.25,37.1718,36.7703,0.364
turkey_m78_2023,AK_second,57.73,37.9799,38.3612,0.316
turkey_m78_2023,AK_second,58.05,37.091,36.7703,0.301
turkey_m78_2023,AK_second,59.54,37.0102,36.6794,0.204
turkey_m78_2023,AK_second,59.92,36.9294,36.5885,0.211
turkey_m78_2023,AK_second,62.88,38.2223,38.4521,0.433
turkey_m78_2023,AK_second,65.02,38.1819,38.4975,0.58
turkey_m78_2023,AK_second,66.23,38.1819,38.543,0.492
turkey_m78_2023,AK_second,67.02,38.1819,38.543,0.389
turkey_m78_2023,AK_second,70.71,37.091,36.9066,0.417
turkey_m78_2023,AK_second,71.47,36.6062,36.4521,0.479
turkey_m78_2023,AK_second,72.47,36.5254,36.4521,0.56
turkey_m78_2023,AK_second,73.27,36.485,36.4521,0.581
turkey_m75_2023,CH,0.64,37.9829,37.2188,0.058
turkey_m75_2023,CH,2.07,38.0738,37.2592,0.188
turkey_m75_2023,CH,3.28,38.0738,37.2996,0.565
turkey_m75_2023,CH,4.28,38.0738,37.2996,0.726
turkey_m75_2023,CH,5.56,38.1042,37.34,0.693
turkey_m75_2023,CH,6.28,38.0738,37.2996,0.724
turkey_m75_2023,CH,7.13,38.0132,37.2996,0.73
turkey_m75_2023,CH,8.2,38.0435,37.2996,0.761
turkey_m75_2023,CH,9.07,38.0738,37.2592,0.879
turkey_m75_2023,CH,11.86,37.9526,37.6632,0.671
turkey_m75_2023,CH,12.1,38.1042,37.0572,0.878
turkey_m75_2023,CH,12.86,37.9526,37.6632,0.76
turkey_m75_2023,CH,13.52,38.1042,37.138,0.998
turkey_m75_2023,CH,13.57,37.9223,37.6228,0.681
turkey_m75_2023,CH,16.39,38.0132,36.5723,0.538
turkey_m75_2023,CH,17.14,37.9829,37.7036,0.994
turkey_m75_2023,CH,17.47,38.0435,36.5723,0.76
turkey_m75_2023,CH,18.14,37.9829,37.7036,1.0
turkey_m75_2023,CH,18.42,38.1345,37.2996,0.674
turkey_m75_2023,CH,18.54,38.0738,36.5723,0.831
turkey_m75_2023,CH,19.33,38.0738,36.5319,0.889
turkey_m75_2023,CH,19.63,38.0132,37.7845,0.801
turkey_m75_2023,CH,20.54,38.0738,36.5723,0.975
turkey_m75_2023,CH,20.75,38.1648,37.542,0.697
turkey_m75_2023,CH,21.47,38.0435,36.5723,0.913
turkey_m75_2023,CH,29.63,38.1648,37.9057,0.849
turkey_m75_2023,CH,30.63,38.1648,37.9057,0.984
turkey_m75_2023,CH,31.91,38.1951,37.9461,0.891
turkey_m75_2023,CH,32.91,38.1951,37.9461,0.773
turkey_m75_2023,CH,33.91,38.1951,37.9461,0.714
turkey_m75_2023,CH,34.91,38.1951,37.9461,0.691
turkey_m75_2023,CH,35.77,37.9829,36.8552,0.229
turkey_m75_2023,CH,35.99,38.2254,37.9461,0.66
turkey_m75_2023,CH,36.29,38.0435,36.7339,0.246
turkey_m75_2023,CH,37.06,38.2557,37.9461,0.533
turkey_m75_2023,CH,37.09,38.0435,36.6935,0.212
turkey_m75_2023,CH,37.71,38.286,37.8653,0.46
turkey_m75_2023,CH,38.71,38.286,37.8653,0.407
turkey_m75_2023,CH,39.64,38.2557,37.8653,0.334
turkey_m75_2023,CH,44.34,38.1345,38.6329,0.222
turkey_m75_2023,CH,45.29,38.0435,37.7036,0.221
turkey_m75_2023,CH,46.68,39.1951,37.8249,0.204
turkey_m75_2023,CH,47.75,38.3466,38.2289,0.261
turkey_m75_2023,CH,50.34,38.4375,38.1077,0.186
turkey_m75_2023,CH,50.54,37.892,38.5925,0.191
turkey_m75_2023,CH,51.4,38.3769,38.1481,0.198
turkey_m75_2023,CH_second,11.86,38.0738,37.138,0.657
turkey_m75_2023,CH_second,12.1,37.9223,37.6632,0.696
turkey_m75_2023,CH_second,12.86,38.0738,37.0168,0.53
turkey_m75_2023,CH_second,13.52,37.9526,37.6632,0.843
turkey_m75_2023,CH_second,13.57,38.0738,36.936,0.623
turkey_m75_2023,CH_second,16.39,38.0435,37.9057,0.54
turkey_m75_2023,CH_second,17.14,38.1345,37.1784,0.966
turkey_m75_2023,CH_second,18.14,38.1042,37.138,0.733
turkey_m75_2023,CH_second,18.42,38.0738,37.0572,0.616
turkey_m75_2023,CH_second,18.54,38.1345,37.8249,0.504
turkey_m75_2023,CH_second,19.33,38.1345,37.7845,0.636
turkey_m75_2023,CH_second,20.54,38.1648,37.8249,0.719
turkey_m75_2023,CH_second,20.75,38.0435,36.9764,0.511
turkey_m75_2023,CH_second,21.47,38.1951,37.8653,0.706
turkey_m75_2023,CH_second,29.63,38.0738,36.5723,0.732
turkey_m75_2023,CH_second,30.63,38.0738,36.5723,0.596
turkey_m75_2023,AK,1.03,38.1042,37.0572,0.225
turkey_m75_2023,AK,2.2,38.1345,37.0572,0.272
turkey_m75_2023,AK,3.2,38.1345,37.0572,0.283
turkey_m75_2023,AK,4.38,38.1648,37.138,0.313
turkey_m75_2023,AK,5.39,38.1648,37.1784,0.418
turkey_m75_2023,AK,6.39,38.1648,37.1784,0.525
turkey_m75_2023,AK,7.23,38.1345,37.1784,0.606
turkey_m75_2023,AK,8.23,38.1345,37.1784,0.607
turkey_m75_2023,AK,9.04,38.1042,37.0976,0.599
turkey_m75_2023,AK,10.0,38.1042,36.936,0.706
turkey_m75_2023,AK,10.8,38.0738,36.8148,0.773
turkey_m75_2023,AK,11.77,38.0738,36.6935,0.751
turkey_m75_2023,AK,12.78,38.0738,36.7339,0.839
turkey_m75_2023,AK,13.98,38.1042,36.8552,0.981
turkey_m75_2023,AK,14.98,38.1042,36.8552,1.0
turkey_m75_2023,AK,16.17,38.1345,36.9764,0.921
turkey_m75_2023,AK,16.93,38.0738,37.2996,0.837
turkey_m75_2023,AK,18.27,38.1345,37.34,0.827
turkey_m75_2023,AK,19.24,38.1345,37.2188,0.86
turkey_m75_2023,AK,20.09,38.1042,37.2592,0.819
turkey_m75_2023,AK,21.13,38.1042,37.4208,0.709
turkey_m75_2023,AK,22.18,38.1042,37.5824,0.59
turkey_m75_2023,AK,23.2,38.1042,37.6632,0.493
turkey_m75_2023,AK,24.92,38.2254,37.8653,0.429
turkey_m75_2023,AK,25.7,38.0738,36.4107,0.3
turkey_m75_2023,AK,26.25,38.286,37.8653,0.36
turkey_m75_2023,AK,27.08,38.1345,36.6127,0.396
turkey_m75_2023,AK,27.25,37.9526,37.1784,0.468
turkey_m75_2023,AK,28.43,37.9829,37.2592,0.526
turkey_m75_2023,AK,30.97,38.286,36.8956,0.576
turkey_m75_2023,AK,32.15,38.3163,36.936,0.54
turkey_m75_2023,AK,33.32,38.3466,36.9764,0.44
turkey_m75_2023,AK,34.32,38.3466,36.9764,0.349
turkey_m75_2023,AK,35.32,38.3466,36.9764,0.313
turkey_m75_2023,AK,36.16,38.3163,36.9764,0.303
turkey_m75_2023,AK,37.01,38.286,37.0168,0.274
turkey_m75_2023,AK,38.01,38.286,37.0168,0.216
turkey_m75_2023,AK,39.59,38.3163,38.4309,0.197
turkey_m75_2023,AK,40.42,38.286,38.4309,0.22
turkey_m75_2023,AK,44.75,38.5587,37.9461,0.272
turkey_m75_2023,AK,45.08,38.9829,37.9865,0.271
turkey_m75_2023,AK,45.26,38.4678,37.9461,0.303
turkey_m75_2023,AK,45.92,38.9526,37.9865,0.266
turkey_m75_2023,AK,46.08,38.4375,37.9057,0.341
venezuela_2026,EU,-12.0,10.7897,-66.1099,0.0
venezuela_2026,EU,-11.0,9.7315,-68.1817,0.0
venezuela_2026,EU,-10.0,11.1239,-69.4313,0.0
venezuela_2026,EU,-9.0,11.1517,-69.3985,0.0
venezuela_2026,EU,-8.0,11.2074,-69.2669,0.0
venezuela_2026,EU,-7.0,11.2074,-69.234,0.0
venezuela_2026,EU,-6.0,9.6201,-67.228,0.0
venezuela_2026,EU,-5.0,9.6201,-67.228,0.0
venezuela_2026,EU,-4.0,9.6479,-67.1951,0.0
venezuela_2026,EU,-3.0,11.4581,-70.0562,0.0
venezuela_2026,EU,-2.0,11.5138,-69.8589,0.0
venezuela_2026,EU,-1.0,11.5138,-69.826,0.0
venezuela_2026,EU,0.0,10.3998,-68.4777,0.0
venezuela_2026,EU,1.0,10.3998,-68.4777,0.0
venezuela_2026,EU,2.0,10.372,-68.4777,0.001
venezuela_2026,EU,3.0,10.4277,-68.4448,0.003
venezuela_2026,EU,4.0,10.4834,-68.4119,0.005
venezuela_2026,EU,5.0,10.5112,-68.379,0.007
venezuela_2026,EU,6.0,10.5112,-68.4119,0.025
venezuela_2026,EU,7.0,10.4555,-68.4448,0.066
venezuela_2026,EU,8.0,10.4834,-68.4119,0.111
venezuela_2026,EU,9.0,10.5112,-68.379,0.157
venezuela_2026,EU,10.0,10.4834,-68.379,0.207
venezuela_2026,EU,11.0,10.5112,-68.379,0.232
venezuela_2026,EU,12.0,10.5112,-68.379,0.208
venezuela_2026,EU,13.0,10.5391,-68.3132,0.164
venezuela_2026,EU,14.0,10.5669,-68.2803,0.201
venezuela_2026,EU,15.0,10.5391,-68.3132,0.318
venezuela_2026,EU,16.0,10.5112,-68.3461,0.313
venezuela_2026,EU,17.0,10.5112,-68.2803,0.228
venezuela_2026,EU,18.0,10.5112,-68.2146,0.191
venezuela_2026,EU,19.0,10.5391,-68.1817,0.192
venezuela_2026,EU,20.0,10.5669,-68.1817,0.193
venezuela_2026,EU,21.0,10.5948,-68.2146,0.141
venezuela_2026,EU,22.0,10.6226,-67.8528,0.068
venezuela_2026,EU,23.0,10.6783,-67.8199,0.109
venezuela_2026,EU,24.0,10.6783,-67.8528,0.16
venezuela_2026,EU,25.0,10.6783,-67.9186,0.236
venezuela_2026,EU,26.0,10.7062,-67.9515,0.333
venezuela_2026,EU,27.0,10.7897,-67.8857,0.331
venezuela_2026,EU,28.0,11.096,-67.8199,0.241
venezuela_2026,EU,29.0,11.2353,-67.7542,0.218
venezuela_2026,EU,30.0,11.2631,-67.5897,0.226
venezuela_2026,EU,31.0,11.2353,-67.5897,0.203
venezuela_2026,EU,32.0,11.291,-67.6226,0.134
venezuela_2026,EU,33.0,10.5669,-67.7213,0.18
venezuela_2026,EU,34.0,10.6505,-67.5897,0.291
venezuela_2026,EU,35.0,10.6783,-67.5569,0.332
venezuela_2026,EU,36.0,10.6783,-67.4582,0.326
venezuela_2026,EU,37.0,10.6783,-67.4253,0.449
venezuela_2026,EU,38.0,10.7062,-67.3924,0.745
venezuela_2026,EU,39.0,10.734,-67.3595,0.94
venezuela_2026,EU,40.0,10.734,-67.3267,0.88
venezuela_2026,EU,41.0,10.6783,-67.3595,0.705
venezuela_2026,EU,42.0,10.6505,-67.3924,0.488
venezuela_2026,EU,43.0,10.6505,-67.3924,0.266
venezuela_2026,EU,44.0,10.9011,-66.9978,0.213
venezuela_2026,EU,45.0,10.7897,-67.1293,0.318
venezuela_2026,EU,46.0,10.7897,-67.0307,0.449
venezuela_2026,EU,47.0,10.734,-67.0636,0.569
venezuela_2026,EU,48.0,10.6783,-67.1951,0.637
venezuela_2026,EU,49.0,10.6783,-67.228,0.596
venezuela_2026,EU,50.0,10.7062,-67.1951,0.603
venezuela_2026,EU,51.0,10.6505,-67.2609,0.698
venezuela_2026,EU,52.0,10.5391,-67.3267,0.706
venezuela_2026,EU,53.0,10.4555,-67.3595,0.586
venezuela_2026,EU,54.0,11.4581,-66.3401,0.504
venezuela_2026,EU,55.0,11.2631,-66.4058,0.614
venezuela_2026,EU,56.0,11.0682,-66.5703,0.817
venezuela_2026,EU,57.0,10.9846,-66.6689,0.867
venezuela_2026,EU,58.0,10.9289,-66.7347,0.724
venezuela_2026,EU,59.0,10.8176,-66.8334,0.598
venezuela_2026,EU,60.0,10.7897,-66.8005,0.686
venezuela_2026,EU,61.0,10.8176,-66.7676,0.915
venezuela_2026,EU,62.0,10.8454,-66.8005,1.0
venezuela_2026,EU,63.0,10.8733,-66.8334,0.944
venezuela_2026,US,-10.0,9.9821,-69.9904,0.0
venezuela_2026,US,-9.0,9.5644,-69.1025,0.0
venezuela_2026,US,-8.0,9.5644,-69.1354,0.0
venezuela_2026,US,-7.0,9.5644,-69.1354,0.0
venezuela_2026,US,-6.0,9.9264,-70.4179,0.0
venezuela_2026,US,-5.0,11.3188,-68.9381,0.0
venezuela_2026,US,-4.0,11.3188,-68.9709,0.0
venezuela_2026,US,-3.0,11.3188,-69.0038,0.0
venezuela_2026,US,-2.0,11.0125,-65.9783,0.0
venezuela_2026,US,-1.0,11.0125,-65.9783,0.0
venezuela_2026,US,0.0,10.4277,-68.379,0.0
venezuela_2026,US,1.0,10.4277,-68.379,0.003
venezuela_2026,US,2.0,10.4277,-68.379,0.008
venezuela_2026,US,3.0,10.4277,-68.379,0.011
venezuela_2026,US,4.0,10.4277,-68.379,0.013
venezuela_2026,US,5.0,10.4277,-68.379,0.015
venezuela_2026,US,6.0,10.4555,-68.4119,0.023
venezuela_2026,US,7.0,10.4834,-68.4119,0.026
venezuela_2026,US,8.0,10.5112,-68.4448,0.03
venezuela_2026,US,9.0,10.5112,-68.4448,0.095
venezuela_2026,US,10.0,10.5112,-68.4448,0.177
venezuela_2026,US,11.0,10.5112,-68.4777,0.196
venezuela_2026,US,12.0,10.5112,-68.4448,0.19
venezuela_2026,US,13.0,10.5391,-68.4119,0.19
venezuela_2026,US,14.0,10.5948,-68.379,0.201
venezuela_2026,US,15.0,10.6226,-68.3461,0.165
venezuela_2026,US,16.0,10.5112,-68.2803,0.084
venezuela_2026,US,17.0,10.5112,-68.2146,0.067
venezuela_2026,US,18.0,10.5391,-68.2146,0.08
venezuela_2026,US,19.0,10.5948,-68.2803,0.083
venezuela_2026,US,20.0,10.6226,-68.2803,0.075
venezuela_2026,US,21.0,10.6226,-68.2475,0.069
venezuela_2026,US,22.0,10.5948,-68.2475,0.078
venezuela_2026,US,23.0,10.5948,-68.2475,0.075
venezuela_2026,US,24.0,10.7619,-67.9186,0.052
venezuela_2026,US,25.0,10.8176,-67.9844,0.05
venezuela_2026,US,26.0,10.8176,-68.0173,0.074
venezuela_2026,US,27.0,10.734,-68.0173,0.097
venezuela_2026,US,28.0,10.7619,-68.0501,0.093
venezuela_2026,US,29.0,10.9011,-68.3461,0.127
venezuela_2026,US,30.0,10.8733,-68.379,0.15
venezuela_2026,US,31.0,10.9011,-68.3461,0.13
venezuela_2026,US,32.0,10.9846,-68.3132,0.093
venezuela_2026,US,33.0,11.0403,-68.2803,0.092
venezuela_2026,US,34.0,11.0682,-68.1817,0.106
venezuela_2026,US,35.0,11.0682,-68.083,0.109
venezuela_2026,US,36.0,11.0403,-67.9844,0.108
venezuela_2026,US,37.0,11.0125,-67.9186,0.112
venezuela_2026,US,38.0,10.9289,-67.8199,0.12
venezuela_2026,US,39.0,10.7897,-67.6555,0.15
venezuela_2026,US,40.0,10.734,-67.6226,0.16
venezuela_2026,US,41.0,10.734,-67.5897,0.139
venezuela_2026,US,42.0,10.7062,-67.4911,0.136
venezuela_2026,US,43.0,10.6505,-67.4582,0.2
venezuela_2026,US,44.0,10.6226,-67.3924,0.257
venezuela_2026,US,45.0,10.6226,-67.2609,0.226
venezuela_2026,US,46.0,10.6505,-67.1951,0.191
venezuela_2026,US,47.0,10.6505,-67.1622,0.198
venezuela_2026,US,48.0,10.6226,-67.1293,0.228
venezuela_2026,US,49.0,10.5948,-67.1622,0.244
venezuela_2026,US,50.0,10.5669,-67.1622,0.199
venezuela_2026,US,51.0,10.6226,-67.228,0.115
venezuela_2026,US,52.0,10.6783,-67.3267,0.144
venezuela_2026,US,53.0,10.8176,-66.8334,0.36
venezuela_2026,US,54.0,10.7897,-66.8662,0.573
venezuela_2026,US,55.0,10.7619,-66.932,0.791
venezuela_2026,US,56.0,10.734,-66.9978,0.961
venezuela_2026,US,57.0,10.7062,-67.0636,1.0
venezuela_2026,US,58.0,10.6783,-67.0636,0.864
venezuela_2026,US,59.0,10.6783,-67.0965,0.656
venezuela_2026,US,60.0,10.6783,-67.1293,0.488
venezuela_2026,US,61.0,10.6505,-67.1293,0.368
venezuela_2026,US,62.0,10.6226,-67.0636,0.32
venezuela_2026,US,63.0,10.5948,-66.9978,0.322
venezuela_2026,US,64.0,10.5669,-66.932,0.29
venezuela_2026,US,65.0,10.5669,-66.932,0.254
venezuela_2026,AK,-13.0,10.1492,-68.6092,0.0
venezuela_2026,AK,-12.0,10.1492,-68.6092,0.0
venezuela_2026,AK,-11.0,10.1492,-68.5763,0.0
venezuela_2026,AK,-10.0,10.3163,-67.1951,0.0
venezuela_2026,AK,-9.0,10.8733,-70.1877,0.0
venezuela_2026,AK,-8.0,10.9289,-70.1877,0.0
venezuela_2026,AK,-7.0,10.9289,-70.3193,0.0
venezuela_2026,AK,-6.0,9.7036,-67.5569,0.0
venezuela_2026,AK,-5.0,9.7593,-67.5569,0.0
venezuela_2026,AK,-4.0,10.4277,-67.4582,0.0
venezuela_2026,AK,-3.0,9.9264,-67.4582,0.0
venezuela_2026,AK,-2.0,10.8454,-67.6884,0.0
venezuela_2026,AK,-1.0,10.5112,-68.4119,0.0
venezuela_2026,AK,0.0,10.4555,-68.379,0.001
venezuela_2026,AK,1.0,10.4277,-68.379,0.002
venezuela_2026,AK,2.0,10.3998,-68.379,0.003
venezuela_2026,AK,3.0,10.3998,-68.3461,0.004
venezuela_2026,AK,4.0,10.3998,-68.3461,0.006
venezuela_2026,AK,5.0,10.3998,-68.3461,0.008
venezuela_2026,AK,6.0,10.4834,-68.4119,0.013
venezuela_2026,AK,7.0,10.5391,-68.4448,0.021
venezuela_2026,AK,8.0,10.5669,-68.4777,0.025
venezuela_2026,AK,9.0,10.5391,-68.5434,0.03
venezuela_2026,AK,10.0,10.4834,-68.5105,0.034
venezuela_2026,AK,11.0,10.5112,-68.4448,0.033
venezuela_2026,AK,12.0,10.5669,-68.379,0.028
venezuela_2026,AK,13.0,10.5948,-68.2803,0.024
venezuela_2026,AK,14.0,10.5669,-68.1159,0.033
venezuela_2026,AK,15.0,10.3998,-68.1488,0.052
venezuela_2026,AK,16.0,10.4277,-68.2475,0.103
venezuela_2026,AK,17.0,10.4555,-68.3132,0.138
venezuela_2026,AK,18.0,10.4834,-68.3461,0.14
venezuela_2026,AK,19.0,10.4834,-68.3461,0.142
venezuela_2026,AK,20.0,10.5112,-68.2803,0.141
venezuela_2026,AK,21.0,10.4834,-68.2146,0.119
venezuela_2026,AK,22.0,10.4277,-68.2146,0.101
venezuela_2026,AK,23.0,10.4555,-68.1488,0.096
venezuela_2026,AK,24.0,10.5391,-68.083,0.118
venezuela_2026,AK,25.0,10.6226,-68.0501,0.134
venezuela_2026,AK,26.0,10.6783,-68.0501,0.106
venezuela_2026,AK,27.0,10.6505,-68.1159,0.053
venezuela_2026,AK,28.0,10.6226,-67.9844,0.046
venezuela_2026,AK,29.0,10.6505,-67.8528,0.083
venezuela_2026,AK,30.0,10.7619,-67.7542,0.139
venezuela_2026,AK,31.0,10.7897,-67.7542,0.177
venezuela_2026,AK,32.0,10.7619,-67.7542,0.201
venezuela_2026,AK,33.0,10.7897,-67.7542,0.223
venezuela_2026,AK,34.0,10.7619,-67.8199,0.241
venezuela_2026,AK,35.0,10.7062,-67.7542,0.233
venezuela_2026,AK,36.0,10.734,-67.8199,0.221
venezuela_2026,AK,37.0,10.734,-67.8857,0.195
venezuela_2026,AK,38.0,10.734,-67.9844,0.16
venezuela_2026,AK,39.0,10.5669,-67.6884,0.145
venezuela_2026,AK,40.0,10.5669,-67.5569,0.114
venezuela_2026,AK,41.0,10.5948,-67.6226,0.075
venezuela_2026,AK,42.0,10.734,-67.8199,0.067
venezuela_2026,AK,43.0,10.7062,-67.7213,0.09
venezuela_2026,AK,44.0,10.7619,-67.5569,0.212
venezuela_2026,AK,45.0,10.7619,-67.2609,0.369
venezuela_2026,AK,46.0,10.7897,-67.1951,0.382
venezuela_2026,AK,47.0,10.7897,-67.1951,0.346
venezuela_2026,AK,48.0,10.7619,-67.1951,0.424
venezuela_2026,AK,49.0,10.7062,-67.1622,0.648
venezuela_2026,AK,50.0,10.6783,-67.0965,0.721
venezuela_2026,AK,51.0,10.6226,-67.0965,0.602
venezuela_2026,AK,52.0,10.6783,-67.0636,0.588
venezuela_2026,AK,53.0,10.6783,-67.0965,0.804
venezuela_2026,AK,54.0,10.6783,-67.0636,1.0
venezuela_2026,AK,55.0,10.7062,-67.0307,0.888
venezuela_2026,AK,56.0,10.7897,-66.9978,0.635
venezuela_2026,AK,57.0,10.8176,-67.0307,0.458
venezuela_2026,AK,58.0,10.7062,-67.228,0.267
venezuela_2026,AK,59.0,10.734,-67.2938,0.145
venezuela_2026,AK,60.0,10.734,-67.228,0.12
venezuela_2026,AK,61.0,11.096,-66.4716,0.25
venezuela_2026,AK,62.0,11.096,-66.5703,0.355
