lon,lat,depth_km,mag,time_utc
98.71557,24.24429,9.57,1.59,2002-12-27T13:07:28.937
98.71483,24.24171,9.21,1.54,2002-12-28T20:27:28.365
98.99386,24.88481,8.68,1.8,2002-12-31T17:24:46.211
99.00826,24.89367,6.09,1.86,2002-12-31T18:24:06.024
98.99782,24.88606,3.0,1.45,2002-12-31T20:48:44.743
99.00904,24.89176,7.85,1.53,2002-12-31T23:45:49.908
99.00666,24.89269,6.89,0.53,2003-01-01T14:22:09.738
99.00548,24.89302,7.43,0.53,2003-01-01T16:06:09.209
99.0073,24.89136,7.09,1.39,2003-01-02T15:32:33.146
99.0073,24.89136,7.09,1.39,2003-01-02T15:32:54.971
99.00771,24.8938,7.48,1.37,2003-01-02T15:42:37.979
99.00948,24.89327,6.87,1.68,2003-01-02T16:31:05.604
99.01189,24.88933,7.21,1.67,2003-01-02T16:35:28.445
99.01852,24.89914,10.38,1.34,2003-01-02T16:45:34.990
99.00873,24.89087,6.63,1.48,2003-01-02T17:08:38.575
99.00812,24.89055,7.5,1.52,2003-01-03T16:35:11.444
99.01246,24.8944,7.24,1.5,2003-01-03T16:35:56.598
99.00541,24.88804,7.24,2.14,2003-01-03T20:25:18.234
98.99739,24.87807,6.9,2.13,2003-01-03T20:30:45.771
99.33709,24.47055,10.66,1.12,2003-01-04T13:37:13.052
99.34251,24.47305,10.6,1.12,2003-01-04T18:00:41.825
99.00788,24.89059,7.66,2.14,2003-01-04T20:17:47.639
99.0078,24.89138,7.1,1.39,2003-01-04T20:27:04.588
99.00702,24.88926,7.28,2.17,2003-01-04T20:37:09.004
99.01143,24.89543,6.38,1.5,2003-01-04T20:39:29.645
99.0089,24.89086,7.5,2.08,2003-01-04T20:56:21.335
99.01267,24.89917,7.91,1.95,2003-01-04T20:59:05.843
99.01272,24.89736,6.55,1.52,2003-01-04T21:01:23.904
99.01217,24.89454,5.83,1.5,2003-01-04T21:34:21.343
99.00904,24.8944,8.59,1.81,2003-01-04T22:09:11.854
99.00342,24.89047,7.61,1.76,2003-01-04T22:28:13.867
99.00286,24.88991,7.62,1.76,2003-01-04T22:30:27.493
99.01146,24.89685,7.71,1.97,2003-01-04T22:42:54.978
99.01497,24.89912,8.23,2.01,2003-01-04T22:44:16.177
99.00867,24.88928,6.16,1.54,2003-01-05T03:35:08.350
99.02314,24.89543,8.88,1.68,2003-01-05T21:00:47.704
99.00924,24.89186,7.91,1.85,2003-01-06T10:13:46.497
99.00801,24.89096,7.71,2.33,2003-01-07T01:49:22.869
99.0085,24.89278,7.93,1.85,2003-01-07T01:50:11.004
99.00785,24.89083,8.06,1.54,2003-01-07T01:50:50.534
98.931,24.2711,6.16,1.57,2003-01-09T00:37:43.825
98.931,24.2711,6.16,1.65,2003-01-09T05:23:47.000
99.00891,24.89079,7.33,2.28,2003-01-10T00:55:20.554
98.87083,25.13964,4.59,1.73,2003-01-10T20:24:04.051
98.87215,25.14138,4.83,1.72,2003-01-10T20:28:21.974
98.87001,25.13898,4.37,1.72,2003-01-11T22:19:05.503
98.71452,24.89958,9.18,2.05,2003-01-12T03:48:14.413
98.71105,24.25019,10.08,1.97,2003-01-13T05:26:41.382
99.01791,24.91029,7.08,2.46,2003-01-13T19:24:07.877
99.00917,24.89056,8.45,1.85,2003-01-14T15:21:37.778
98.71063,24.24975,9.84,1.26,2003-01-15T15:03:51.990
99.00775,24.8948,10.85,2.24,2003-01-16T17:59:59.204
99.00864,24.89626,10.63,1.36,2003-01-16T18:03:52.272
98.71105,24.25019,10.08,1.75,2003-01-16T18:04:25.558
99.0096,24.89622,10.58,1.37,2003-01-16T18:16:55.465
99.01015,24.89735,11.18,1.35,2003-01-16T18:17:33.900
98.99817,24.88747,3.02,1.45,2003-01-16T18:30:32.904
98.99771,24.88627,3.15,1.45,2003-01-16T18:42:13.356
99.16364,24.69901,8.22,1.63,2003-01-17T15:46:32.892
98.42856,24.97455,11.16,3.04,2003-01-18T09:23:32.279
98.42784,24.97555,11.24,1.97,2003-01-19T00:54:39.297
98.47968,25.02251,9.85,2.25,2003-01-20T01:42:53.314
98.47955,25.02217,9.82,2.29,2003-01-20T02:33:13.693
98.48034,25.02184,9.86,2.28,2003-01-20T02:38:57.043
98.48067,25.02144,10.03,2.25,2003-01-20T02:59:39.526
98.47946,25.0217,9.71,2.26,2003-01-20T03:17:23.847
98.71205,24.24575,10.63,1.68,2003-01-20T12:38:20.889
98.47793,25.02451,9.2,1.47,2003-01-20T18:18:14.732
98.47813,25.02521,9.34,1.47,2003-01-20T18:24:56.825
98.47735,25.02618,9.05,1.47,2003-01-20T19:58:33.012
98.47992,25.0231,9.77,2.26,2003-01-20T20:13:14.715
98.47916,25.02186,9.45,1.47,2003-01-20T20:15:00.503
98.47786,25.0234,9.13,1.46,2003-01-20T21:39:02.891
98.47496,25.02567,9.13,1.46,2003-01-20T21:39:14.956
98.72499,24.24263,11.55,1.36,2003-01-22T13:38:05.808
98.71372,24.24196,10.73,1.39,2003-01-22T13:38:44.438
98.71372,24.24196,10.73,1.36,2003-01-22T22:39:43.863
98.62655,24.73345,9.54,1.72,2003-01-24T11:33:26.954
98.64198,24.7378,10.1,1.05,2003-01-24T15:59:07.441
98.64059,24.73968,9.61,1.05,2003-01-24T16:11:34.837
98.64049,24.74098,10.35,1.74,2003-01-24T19:57:21.792
98.63445,24.73658,10.54,1.28,2003-01-24T19:58:37.088
98.64025,24.73902,11.96,1.71,2003-01-24T20:09:55.439
98.64049,24.74114,10.37,1.72,2003-01-24T20:29:45.638
99.00752,24.89397,11.06,2.24,2003-01-24T22:12:18.569
99.01299,24.89954,8.69,1.75,2003-01-24T22:16:57.821
99.00816,24.89639,9.92,1.51,2003-01-25T05:30:24.240
98.84705,24.4149,6.0,2.31,2003-01-26T14:30:32.386
99.00145,24.88101,7.8,1.99,2003-01-26T16:06:03.386
99.06043,24.8455,10.53,1.85,2003-01-30T12:58:34.052
98.17487,25.01037,7.7,2.08,2003-01-30T22:05:59.643
97.85008,25.02237,5.27,1.3,2003-01-30T22:21:07.398
98.34403,24.947,9.03,0.91,2003-01-31T15:25:45.117
98.17558,25.01023,7.64,1.95,2003-01-31T18:43:09.488
97.85092,25.02263,5.33,1.3,2003-01-31T19:53:58.079
98.34397,24.9472,8.75,0.91,2003-01-31T20:14:36.960
99.06037,24.8455,9.53,1.85,2003-02-01T13:14:45.250
98.7138,24.2454,9.36,1.75,2003-02-02T03:00:55.953
99.09415,24.26565,13.7,2.41,2003-02-03T10:30:42.152
99.09365,24.26455,13.54,2.04,2003-02-03T10:32:39.700
98.17599,25.00917,7.51,3.03,2003-02-07T10:48:28.382
98.17261,25.01249,8.97,2.05,2003-02-07T12:50:40.666
98.17594,25.00912,7.58,3.63,2003-02-08T01:47:23.215
98.17449,25.00541,7.08,2.88,2003-02-09T22:34:08.386
98.17552,25.00898,7.69,3.26,2003-02-10T01:44:59.756
99.36681,24.84429,9.39,2.74,2003-02-12T01:32:45.235
99.36519,24.84331,10.09,2.45,2003-02-12T19:18:50.791
99.36316,24.50245,10.15,1.59,2003-02-13T12:31:11.425
99.36134,24.50165,9.93,1.5,2003-02-14T23:54:53.727
98.85821,24.45983,10.27,1.1,2003-02-15T15:22:37.289
97.69794,24.81813,10.11,3.15,2003-02-17T00:45:06.537
97.69806,24.81547,10.15,3.05,2003-02-17T04:19:24.438
98.70989,24.2505,10.62,1.98,2003-02-17T21:40:23.645
98.71014,24.25112,10.75,1.53,2003-02-17T21:49:07.104
98.85521,23.96295,8.71,1.64,2003-02-17T22:36:31.961
98.7095,24.25091,10.64,1.04,2003-02-18T21:41:03.257
98.85469,23.96295,8.73,1.69,2003-02-20T22:19:53.241
98.71225,24.25105,9.29,1.0,2003-02-21T21:44:35.299
98.84574,24.42368,6.98,2.0,2003-02-25T05:39:58.549
98.84921,24.42411,6.49,1.86,2003-02-25T15:12:32.297
98.44877,24.78142,8.83,0.81,2003-02-25T20:49:34.103
98.44897,24.78107,8.69,1.03,2003-02-25T20:54:57.444
98.44897,24.78162,8.7,1.03,2003-02-25T21:57:31.428
98.44839,24.78209,9.2,1.21,2003-02-25T22:18:27.904
98.17646,25.00912,7.27,2.64,2003-02-27T09:31:40.449
98.1765,25.00853,7.45,3.13,2003-02-27T09:50:21.575
98.17668,25.00767,7.2,2.45,2003-02-27T14:15:02.447
98.17676,25.00748,7.27,2.0,2003-02-27T16:50:03.268
98.18682,25.00398,5.29,1.99,2003-02-27T16:51:33.381
98.1771,25.00717,7.09,1.71,2003-02-27T19:02:41.549
99.36781,25.59305,21.43,3.14,2003-02-28T22:17:18.777
98.84618,24.42358,7.08,1.71,2003-02-28T22:23:51.447
98.84516,24.42246,7.33,0.99,2003-02-28T22:56:38.948
99.36919,25.59275,21.3,3.32,2003-03-01T07:11:42.199
98.8245,24.80073,10.4,2.33,2003-03-01T07:50:42.810
98.82478,24.80139,11.07,1.32,2003-03-01T13:48:59.850
98.8245,24.80073,10.4,2.3,2003-03-02T02:38:58.035
98.82483,24.80044,10.67,2.27,2003-03-02T12:37:31.057
97.59762,24.44373,11.32,3.82,2003-03-03T06:44:10.782
98.54234,24.95837,6.83,1.66,2003-03-05T01:38:35.408
98.5423,24.95732,6.89,1.65,2003-03-05T01:40:39.774
98.54161,24.9575,6.77,1.66,2003-03-05T05:19:19.345
98.53705,24.96537,8.57,1.96,2003-03-05T05:25:51.967
99.04576,24.81692,13.13,2.47,2003-03-05T06:22:12.790
99.04308,24.81881,12.1,2.56,2003-03-05T06:23:05.652
98.54133,24.95712,6.72,1.65,2003-03-05T07:43:56.927
98.54254,24.95859,6.84,2.22,2003-03-05T11:47:58.679
98.54187,24.95859,6.7,1.97,2003-03-05T16:11:12.166
98.54469,24.96475,7.53,1.2,2003-03-05T17:12:12.646
98.5371,24.95705,7.99,2.16,2003-03-05T22:56:29.455
98.89333,23.931,10.49,1.44,2003-03-06T04:14:36.760
99.04022,24.81895,11.92,3.35,2003-03-06T19:38:13.769
99.03752,24.81806,12.23,2.68,2003-03-06T19:39:52.063
99.04476,24.81868,12.34,2.74,2003-03-06T20:19:19.675
99.04484,24.81869,10.62,2.24,2003-03-06T21:08:18.057
99.03964,24.81368,12.59,2.33,2003-03-06T21:48:03.111
99.0363,24.81908,12.86,2.75,2003-03-07T03:18:44.705
98.89351,23.93099,10.42,2.94,2003-03-09T17:28:02.892
98.89386,23.93071,10.54,1.44,2003-03-09T22:40:42.849
98.84909,24.42159,5.22,1.9,2003-03-10T12:26:31.087
98.84909,24.42159,5.33,1.79,2003-03-10T15:45:03.951
98.8375,24.51325,9.01,1.76,2003-03-11T23:29:09.945
98.54297,24.95928,7.32,2.44,2003-03-13T21:20:31.771
98.54208,24.95876,7.46,2.38,2003-03-13T21:23:09.277
98.54278,24.95886,7.37,2.38,2003-03-13T21:23:45.382
98.54388,24.96319,7.5,1.2,2003-03-13T21:25:02.179
98.54384,24.96316,7.51,1.2,2003-03-13T21:39:09.904
98.54436,24.96458,6.5,1.2,2003-03-13T21:58:48.247
98.54277,24.95982,7.23,2.16,2003-03-13T22:28:48.467
98.54322,24.9596,7.31,2.39,2003-03-14T09:01:04.932
98.88924,24.49128,9.5,1.11,2003-03-17T17:33:29.080
98.84693,24.41479,5.94,1.96,2003-03-17T20:30:38.174
98.54193,24.95796,7.1,1.65,2003-03-18T10:27:57.728
98.85792,24.46332,9.88,0.96,2003-03-18T19:44:58.391
97.59612,24.44281,10.89,2.36,2003-03-19T09:03:35.502
98.81796,24.37891,9.06,2.95,2003-03-20T11:27:35.426
98.81863,24.378,9.01,2.32,2003-03-20T12:23:32.532
98.4147,24.9619,11.24,1.24,2003-03-22T14:29:25.951
98.4147,24.9619,11.24,1.24,2003-03-22T14:37:32.151
97.59693,24.44362,11.03,2.89,2003-03-22T14:54:40.971
98.85182,24.42222,5.04,1.38,2003-03-27T23:46:39.415
98.87955,24.47095,6.32,1.68,2003-03-29T02:27:29.207
98.93329,24.54917,7.63,1.39,2003-03-29T12:40:30.466
99.22804,24.89989,13.51,1.72,2003-03-29T17:32:06.538
99.22035,24.89594,14.16,1.72,2003-03-29T17:32:21.364
98.90544,24.23993,8.14,0.81,2003-03-31T17:45:51.412
99.05937,24.85803,5.82,1.69,2003-03-31T18:58:33.245
99.23184,24.90015,12.82,1.73,2003-04-01T17:31:53.302
99.22931,24.90285,13.05,1.73,2003-04-01T21:07:33.814
98.86984,24.39569,7.87,1.53,2003-04-02T16:04:22.627
99.4832,23.9485,3.84,1.91,2003-04-03T11:33:50.276
99.4832,23.9485,3.84,1.66,2003-04-03T16:32:32.976
98.86401,24.45994,7.43,1.2,2003-04-03T22:50:03.146
98.90508,24.24032,8.62,0.81,2003-04-04T19:03:59.223
99.05929,24.85164,5.32,1.87,2003-04-04T20:55:22.739
98.88015,24.47052,6.32,1.69,2003-04-05T04:22:11.395
98.83782,24.4381,5.17,1.44,2003-04-06T00:18:37.084
99.21288,24.8969,9.38,1.69,2003-04-07T19:55:43.293
99.21107,24.8963,8.71,1.36,2003-04-07T20:38:00.335
99.21156,24.89627,8.78,1.37,2003-04-07T20:38:16.772
98.86229,24.45689,7.77,1.63,2003-04-07T23:44:01.721
98.86663,24.45508,7.02,1.22,2003-04-08T15:34:38.428
99.05266,24.84297,8.63,1.75,2003-04-08T16:23:30.309
98.27975,25.0158,10.36,1.79,2003-04-08T17:44:12.844
98.28155,25.0158,12.33,1.41,2003-04-08T18:52:04.483
98.90634,24.23966,8.08,0.81,2003-04-08T20:30:34.544
99.06014,24.85184,4.4,1.97,2003-04-09T13:10:24.194
98.86213,24.45674,7.69,1.19,2003-04-09T14:37:14.507
98.86341,24.45341,7.61,1.61,2003-04-09T14:39:35.767
98.52504,24.8753,11.53,2.36,2003-04-11T07:05:51.279
98.52532,24.87465,12.21,1.82,2003-04-11T07:07:05.889
98.52613,24.874,12.13,2.42,2003-04-11T07:08:00.504
98.52896,24.87401,9.44,2.2,2003-04-11T07:23:52.315
98.52596,24.87285,12.04,2.25,2003-04-11T09:44:04.755
98.52677,24.87026,12.05,1.17,2003-04-11T13:53:12.429
98.52689,24.87079,12.08,1.17,2003-04-11T17:20:57.944
98.52209,24.87261,11.32,1.17,2003-04-11T17:48:16.150
98.52275,24.87176,12.12,0.97,2003-04-11T18:16:55.861
98.52611,24.87204,12.35,1.3,2003-04-11T19:40:31.489
98.51959,24.869,11.32,2.35,2003-04-11T20:20:10.294
98.51129,24.87295,14.31,1.44,2003-04-11T20:40:21.357
98.84133,24.43103,8.35,1.14,2003-04-11T22:05:08.086
98.53067,24.87221,11.46,1.1,2003-04-11T22:48:11.241
98.52721,24.86982,12.26,1.17,2003-04-11T23:54:26.826
98.52606,24.87304,12.15,1.31,2003-04-12T08:10:11.293
98.52633,24.87245,11.94,1.31,2003-04-12T09:19:45.959
98.51632,24.86843,11.58,0.97,2003-04-12T13:42:02.098
98.52616,24.8739,12.04,1.1,2003-04-12T15:30:19.889
98.52484,24.87336,12.74,1.3,2003-04-12T15:40:33.895
98.86757,24.45446,7.01,1.25,2003-04-12T16:06:07.162
98.52661,24.8717,12.21,1.3,2003-04-12T16:47:07.373
98.52577,24.87402,12.06,1.44,2003-04-12T20:42:20.494
98.89014,24.49164,9.54,1.87,2003-04-12T22:48:31.037
99.06426,24.86222,7.18,1.7,2003-04-12T23:37:38.727
98.54358,24.97296,9.8,1.15,2003-04-13T20:55:38.823
98.54242,24.95964,7.34,1.14,2003-04-13T21:13:06.754
98.5223,24.88998,11.79,1.28,2003-04-14T03:28:05.604
98.53116,24.88051,14.09,1.3,2003-04-14T14:24:09.518
98.52614,24.87263,11.95,0.97,2003-04-14T15:03:33.158
98.52987,24.86868,11.79,1.3,2003-04-14T15:22:01.107
98.5264,24.87361,11.96,1.3,2003-04-14T17:01:12.890
98.52652,24.87321,11.7,1.2,2003-04-14T17:15:41.646
98.52642,24.8741,11.99,1.06,2003-04-14T17:17:56.728
98.5266,24.87281,12.19,1.28,2003-04-14T18:04:04.882
98.52657,24.87317,12.04,1.3,2003-04-14T18:04:42.240
98.52692,24.87329,12.01,1.1,2003-04-14T18:04:56.719
98.52641,24.87298,12.15,1.3,2003-04-14T18:08:54.726
98.52701,24.8731,11.97,1.44,2003-04-14T18:12:22.606
98.5393,24.87435,11.68,1.28,2003-04-14T18:12:39.428
98.52661,24.87354,11.82,1.1,2003-04-14T18:16:13.336
98.52999,24.87109,10.7,1.1,2003-04-14T18:18:05.201
98.52623,24.87365,11.98,1.1,2003-04-14T18:29:10.457
98.52877,24.86906,10.27,1.2,2003-04-14T18:55:50.618
98.52207,24.87312,11.87,1.6,2003-04-14T19:04:07.636
98.51872,24.87483,12.38,1.6,2003-04-14T20:51:34.016
98.52607,24.8737,11.58,1.1,2003-04-14T20:54:05.728
98.52644,24.87189,12.33,1.28,2003-04-14T21:06:55.586
98.52644,24.8731,12.05,1.3,2003-04-14T21:32:22.911
98.52649,24.87352,12.15,1.28,2003-04-14T21:37:22.232
98.52413,24.8721,11.08,1.1,2003-04-14T22:03:41.952
98.53203,24.87305,12.24,1.45,2003-04-15T00:10:35.557
98.52574,24.87531,11.77,1.51,2003-04-15T00:50:22.812
98.52601,24.87364,11.97,1.1,2003-04-15T01:00:52.535
98.52669,24.87354,11.98,2.03,2003-04-15T03:47:10.119
98.52604,24.87393,12.36,1.45,2003-04-15T05:09:25.122
98.52617,24.87442,11.41,1.98,2003-04-15T12:48:47.238
98.52727,24.87293,12.24,1.3,2003-04-15T13:08:37.889
98.52533,24.87308,11.65,1.2,2003-04-15T16:27:53.565
98.5272,24.87375,12.09,1.44,2003-04-15T16:31:00.681
98.52568,24.8757,12.08,1.98,2003-04-15T18:08:40.697
98.52572,24.87551,11.85,1.16,2003-04-15T18:09:09.841
98.5267,24.8726,10.74,1.16,2003-04-15T18:10:37.678
98.52553,24.8762,11.9,2.5,2003-04-15T18:17:39.183
98.52618,24.87506,11.91,1.98,2003-04-15T18:55:00.588
98.52078,24.87775,12.17,1.71,2003-04-15T19:02:25.074
98.52545,24.87638,11.93,1.71,2003-04-15T19:28:12.474
98.5261,24.87986,12.42,1.71,2003-04-15T19:44:39.869
98.52245,24.8737,11.76,1.71,2003-04-15T22:09:01.837
98.5317,24.8771,11.57,1.61,2003-04-15T22:09:28.762
98.52596,24.87455,11.99,1.45,2003-04-16T00:53:05.597
99.02325,24.86472,3.16,1.92,2003-04-16T07:16:52.121
99.02325,24.86472,3.16,1.92,2003-04-16T07:27:49.671
98.52506,24.87638,11.95,1.73,2003-04-16T10:06:32.889
98.52588,24.8761,11.52,1.6,2003-04-16T18:01:22.043
98.85446,24.42744,8.32,1.13,2003-04-18T16:27:44.274
98.84666,24.41433,5.95,0.76,2003-04-18T17:40:22.368
98.52571,24.87655,11.93,2.62,2003-04-18T17:50:02.336
98.52534,24.87,11.82,1.45,2003-04-18T17:50:26.824
98.53198,24.87506,10.62,1.6,2003-04-18T17:52:27.512
98.52808,24.87468,10.95,2.5,2003-04-18T18:19:31.978
98.5252,24.87547,11.43,1.6,2003-04-18T18:33:57.324
98.5258,24.87541,11.86,2.01,2003-04-18T18:55:08.598
98.54352,24.87547,11.06,1.98,2003-04-18T18:56:34.086
98.52597,24.8752,11.93,1.62,2003-04-18T19:21:22.508
99.02751,24.86245,4.03,1.72,2003-04-18T21:32:26.334
98.52359,24.8772,11.65,1.72,2003-04-19T14:16:10.071
98.52554,24.87488,12.29,1.45,2003-04-19T17:13:20.158
98.85781,24.46568,6.41,1.34,2003-04-19T18:18:27.913
98.85781,24.46568,6.41,1.32,2003-04-19T18:21:59.013
98.52467,24.87854,12.02,1.57,2003-04-19T23:38:23.630
98.52272,24.88138,11.55,2.1,2003-04-19T23:41:18.178
98.52364,24.87806,10.78,2.1,2003-04-19T23:43:48.387
98.52477,24.87871,11.94,2.7,2003-04-19T23:46:59.793
98.52448,24.87806,11.42,2.15,2003-04-20T08:12:50.979
98.5235,24.87995,11.67,2.1,2003-04-20T21:07:53.700
98.52638,24.87483,12.03,1.71,2003-04-20T23:09:22.145
98.51572,24.88174,13.51,1.71,2003-04-21T21:21:03.234
99.06054,24.85678,7.71,1.69,2003-04-22T11:00:59.925
99.13274,24.93473,10.98,2.32,2003-04-24T09:32:38.674
98.52934,24.86779,12.1,2.14,2003-04-24T12:55:22.699
98.52917,24.86764,12.04,2.58,2003-04-24T12:59:55.245
98.52901,24.86833,11.98,2.18,2003-04-24T13:00:37.248
98.52984,24.86645,11.48,1.87,2003-04-24T13:01:20.316
98.52986,24.86652,11.76,1.89,2003-04-24T13:02:13.410
98.53004,24.8667,12.05,2.02,2003-04-24T13:03:36.583
98.53022,24.86679,11.97,2.05,2003-04-24T13:34:58.246
98.52979,24.86666,12.06,2.02,2003-04-24T13:54:50.279
98.52909,24.8682,12.22,2.14,2003-04-24T13:57:48.368
98.52768,24.86142,10.1,1.87,2003-04-24T14:03:26.814
98.52004,24.86928,13.04,2.02,2003-04-24T14:11:44.210
98.52988,24.86668,12.04,2.03,2003-04-24T14:25:26.532
98.52958,24.86596,12.0,2.02,2003-04-24T14:25:41.168
98.6394,24.72476,9.02,1.97,2003-04-24T14:35:26.220
98.52755,24.86825,12.73,2.02,2003-04-24T16:08:44.897
98.52893,24.86656,12.6,1.42,2003-04-24T17:15:17.790
98.85522,24.41006,8.4,2.31,2003-04-24T18:16:57.230
98.85486,24.41057,8.38,2.12,2003-04-24T18:30:08.495
98.52852,24.86786,12.0,2.14,2003-04-24T18:35:39.090
98.53093,24.86611,12.02,2.02,2003-04-24T19:56:29.042
98.89655,24.48904,9.99,1.58,2003-04-24T19:58:35.498
98.52885,24.86789,12.11,2.44,2003-04-24T20:15:36.351
98.52875,24.86831,12.0,2.14,2003-04-24T20:35:46.994
98.52918,24.87361,13.89,2.14,2003-04-24T21:28:00.609
98.52978,24.86867,11.99,2.14,2003-04-25T00:13:38.229
98.52984,24.86674,12.11,2.03,2003-04-25T01:07:25.623
98.52887,24.86823,11.93,2.14,2003-04-25T05:18:44.127
99.05893,24.86296,10.26,1.26,2003-04-25T20:22:51.379
98.90674,24.24009,6.55,0.85,2003-04-26T23:25:34.450
99.08169,24.91114,6.95,1.48,2003-04-28T16:55:13.134
99.08899,24.90099,5.98,1.49,2003-04-28T17:09:08.602
99.09045,24.89791,5.3,1.5,2003-04-29T06:21:03.330
99.05788,24.88934,4.72,1.37,2003-04-29T07:21:51.488
99.11364,24.929,6.78,1.67,2003-04-29T15:21:05.087
99.09969,24.92004,7.16,1.67,2003-04-29T16:05:12.814
99.1081,24.9269,7.08,1.67,2003-04-29T16:08:36.615
99.06214,24.88299,4.49,1.37,2003-04-29T17:10:53.294
99.06039,24.88294,4.48,1.37,2003-04-29T17:20:46.360
99.0972,24.91722,7.07,1.66,2003-04-29T17:32:42.150
99.09854,24.91826,7.11,1.62,2003-04-29T17:34:05.683
99.09622,24.91648,6.87,1.64,2003-04-29T17:40:12.010
99.05821,24.88778,4.11,1.37,2003-04-29T17:50:38.322
99.09953,24.9188,6.8,1.64,2003-04-29T17:54:33.415
99.09591,24.91649,7.15,1.63,2003-04-29T17:56:40.701
99.10439,24.92282,6.74,1.65,2003-04-29T18:50:41.400
99.09228,24.90399,5.66,1.49,2003-04-29T19:27:24.313
99.10142,24.92129,7.13,1.65,2003-04-29T20:08:19.827
99.10148,24.92131,7.13,1.67,2003-04-29T21:32:45.926
99.09888,24.9195,6.83,1.67,2003-04-29T21:33:38.905
99.11551,24.93256,7.09,1.66,2003-04-29T21:51:36.673
99.09813,24.919,7.3,1.67,2003-04-30T04:18:03.600
99.10258,24.92205,7.31,1.67,2003-04-30T04:19:48.678
99.10284,24.92077,6.79,1.67,2003-04-30T04:20:55.923
99.10579,24.9255,7.87,1.68,2003-04-30T04:23:49.286
99.0983,24.91817,7.33,1.68,2003-04-30T06:53:29.615
98.85402,24.42625,7.27,1.14,2003-04-30T07:50:42.032
99.10099,24.91954,6.84,1.67,2003-04-30T13:41:07.964
99.10163,24.92358,7.43,1.66,2003-04-30T17:50:59.877
98.51621,24.87036,11.2,1.3,2003-04-30T20:18:42.512
98.5249,24.86612,12.19,2.32,2003-05-01T01:10:48.371
98.5218,24.88327,12.0,2.12,2003-05-01T02:09:19.682
98.5234,24.88173,10.91,2.32,2003-05-01T02:09:43.645
98.52188,24.88332,11.98,2.15,2003-05-01T02:18:00.285
98.52305,24.88169,10.72,2.34,2003-05-01T02:19:10.428
98.52168,24.88383,12.19,2.12,2003-05-01T04:55:30.891
98.52155,24.88361,11.78,2.26,2003-05-01T11:02:15.752
98.52148,24.8843,11.73,1.66,2003-05-01T11:04:04.689
98.52192,24.88367,11.4,2.32,2003-05-01T11:53:33.582
98.52162,24.88409,11.67,2.32,2003-05-01T15:40:00.434
98.5379,24.86739,12.12,1.41,2003-05-01T16:44:08.868
98.5218,24.88399,12.02,2.32,2003-05-01T17:46:05.881
98.52092,24.883,12.21,1.3,2003-05-01T17:56:35.859
98.51793,24.88029,10.15,2.32,2003-05-01T18:24:05.017
98.53967,24.86412,11.4,1.41,2003-05-01T19:34:55.905
98.53989,24.86716,12.12,1.41,2003-05-01T20:06:16.065
98.54317,24.8624,12.24,1.41,2003-05-01T21:22:31.375
98.52141,24.88419,11.91,1.76,2003-05-02T05:35:08.964
98.86057,24.40293,7.49,1.97,2003-05-02T05:38:16.369
98.51871,24.88029,10.03,1.65,2003-05-02T07:27:52.992
98.54039,24.86474,11.29,1.42,2003-05-02T07:42:09.563
98.52166,24.88391,11.74,2.38,2003-05-02T11:00:09.606
98.86109,24.40322,7.5,1.4,2003-05-02T12:16:06.802
99.11022,24.92474,6.68,1.67,2003-05-02T15:08:04.179
98.54028,24.86474,11.7,1.41,2003-05-02T18:28:01.158
98.5379,24.86739,12.12,1.41,2003-05-02T18:38:12.068
98.52173,24.88575,11.55,1.53,2003-05-03T11:19:19.023
98.62511,24.92455,11.86,1.48,2003-05-03T12:02:57.698
98.52217,24.88266,12.0,2.12,2003-05-03T16:48:07.949
98.50638,24.86419,10.15,1.3,2003-05-03T17:59:59.420
98.53926,24.86608,11.69,1.41,2003-05-03T20:30:20.655
98.62589,24.92445,11.71,1.48,2003-05-03T22:01:08.854
98.52363,24.88206,12.03,2.12,2003-05-03T22:49:48.898
98.54007,24.8652,11.46,1.42,2003-05-03T23:41:20.106
98.51318,24.88571,11.51,1.65,2003-05-03T23:50:07.139
99.05994,24.86334,3.45,1.57,2003-05-04T01:29:31.311
98.52488,24.88096,12.05,2.13,2003-05-04T09:44:28.475
98.52175,24.88467,11.85,1.75,2003-05-04T19:03:40.844
99.06066,24.86181,3.46,1.56,2003-05-04T20:22:40.644
99.06399,24.88003,9.68,1.89,2003-05-04T20:36:22.281
99.06526,24.86354,3.13,1.55,2003-05-04T20:37:12.998
99.05928,24.86039,3.72,1.54,2003-05-04T20:41:53.211
99.06414,24.87796,9.43,1.88,2003-05-04T20:48:41.880
99.05922,24.85993,3.18,1.56,2003-05-04T21:06:56.812
99.0602,24.86014,3.31,1.56,2003-05-04T21:07:16.830
98.52113,24.8844,11.75,1.36,2003-05-04T21:22:06.517
99.05944,24.86061,3.17,1.55,2003-05-04T21:40:52.047
98.52146,24.87908,10.79,1.75,2003-05-04T22:45:34.921
98.52674,24.87637,12.38,1.31,2003-05-05T07:17:18.423
98.52181,24.8852,11.83,1.36,2003-05-07T21:01:59.799
98.52066,24.88662,11.61,1.54,2003-05-08T13:19:18.370
98.52058,24.88687,11.75,1.54,2003-05-08T18:25:31.759
98.87915,24.47838,9.31,1.15,2003-05-08T18:41:00.675
98.5228,24.88524,11.6,1.53,2003-05-08T19:37:18.705
98.52288,24.88642,12.14,1.53,2003-05-08T21:18:07.290
98.52874,24.88258,9.82,1.36,2003-05-09T15:18:10.679
98.52018,24.87459,11.16,1.3,2003-05-09T17:02:49.759
98.52149,24.88415,11.84,1.36,2003-05-09T17:06:41.177
98.82807,24.37197,8.08,1.45,2003-05-09T20:20:48.170
98.82826,24.37105,7.41,1.47,2003-05-09T21:15:18.220
98.82798,24.3719,8.08,1.44,2003-05-09T21:22:58.969
98.82829,24.37107,7.96,1.47,2003-05-10T10:17:50.896
99.20506,24.85848,11.15,1.96,2003-05-12T08:57:20.904
99.15374,24.92085,13.01,1.72,2003-05-13T12:58:42.594
99.20355,24.8576,11.08,2.04,2003-05-14T06:55:29.934
98.90962,24.67824,10.03,1.66,2003-05-14T18:57:19.931
99.0642,24.88276,9.66,1.85,2003-05-15T10:25:10.092
99.06424,24.88163,9.31,1.85,2003-05-15T16:12:14.151
99.0223,24.8129,11.14,1.64,2003-05-15T21:11:06.814
99.14164,24.92042,12.27,1.74,2003-05-16T00:26:52.854
98.90962,24.67824,10.03,1.67,2003-05-16T16:06:09.881
99.0412,24.80734,10.06,1.62,2003-05-16T18:53:09.752
99.04256,24.8076,10.16,1.63,2003-05-17T04:53:01.205
99.0412,24.80866,10.58,1.63,2003-05-17T16:24:28.525
99.01815,24.81419,11.79,1.89,2003-05-19T00:42:59.937
99.03789,24.80518,9.59,1.64,2003-05-19T09:32:10.479
99.04464,24.81448,10.31,1.69,2003-05-19T15:59:10.863
99.0452,24.81004,10.66,1.65,2003-05-20T01:34:01.956
99.06081,24.86145,3.54,1.55,2003-05-21T21:13:08.779
99.05887,24.85624,10.78,1.97,2003-05-22T14:58:22.198
99.13146,24.93567,10.46,2.32,2003-05-23T03:59:03.902
98.52407,24.87712,13.22,1.44,2003-05-24T14:36:41.679
98.69791,25.04557,4.08,1.06,2003-05-27T17:40:07.015
98.69644,25.04526,4.22,1.06,2003-05-27T17:44:24.354
98.69688,25.04509,4.25,1.06,2003-05-27T17:52:11.140
98.69617,25.04516,4.26,1.06,2003-05-27T17:53:13.579
98.69656,25.04546,4.3,1.06,2003-05-27T17:59:22.158
98.69709,25.04571,4.21,1.06,2003-05-27T18:08:23.058
98.69682,25.04501,4.27,1.06,2003-05-27T18:08:48.640
98.69788,25.04547,4.09,1.06,2003-05-27T18:22:45.689
98.69644,25.04526,4.22,1.06,2003-05-27T18:23:14.804
98.69614,25.04533,4.4,1.06,2003-05-27T22:07:22.157
98.69611,25.04525,4.41,1.06,2003-05-27T22:07:56.508
98.8896,24.49105,9.52,1.11,2003-05-28T08:55:18.992
98.69649,25.04634,4.37,1.06,2003-05-28T16:35:01.660
99.04292,24.85505,10.42,2.86,2003-05-28T19:05:10.263
98.69615,25.04529,4.42,1.06,2003-05-28T20:24:36.150
98.87867,24.48389,8.11,1.15,2003-05-29T18:04:42.678
98.28334,25.25462,10.95,2.02,2003-06-11T04:26:45.484
98.28385,25.25389,10.88,2.3,2003-06-11T04:43:23.345
98.28391,25.25379,10.99,2.18,2003-06-11T04:44:43.571
98.8366,24.51185,9.07,1.17,2003-06-11T14:04:06.407
98.87102,24.44873,7.66,1.48,2003-06-13T16:17:16.280
99.02023,24.8134,11.29,1.99,2003-06-19T12:16:19.750
99.08903,24.77754,9.8,3.13,2003-06-19T16:58:28.912
99.08358,24.77605,8.47,2.19,2003-06-19T17:24:03.341
98.86075,24.40279,7.41,0.67,2003-06-19T18:47:48.119
99.08201,24.77473,8.31,2.24,2003-06-19T19:23:02.243
98.86046,24.40284,7.34,2.01,2003-06-20T00:49:14.817
98.89734,24.48734,10.45,0.97,2003-06-20T20:33:36.740
99.14252,24.91547,11.4,2.5,2003-06-21T12:43:47.897
99.09118,24.77847,9.53,2.44,2003-06-23T00:27:06.507
99.02915,24.87368,8.56,1.39,2003-06-25T16:38:48.870
99.02785,24.86616,8.96,1.37,2003-06-25T17:07:41.886
99.02962,24.87388,8.25,1.36,2003-06-25T17:10:15.559
99.02898,24.87308,8.9,1.38,2003-06-25T18:09:48.239
99.14137,24.92107,12.25,2.1,2003-06-27T02:30:40.563
99.14121,24.91969,12.31,1.68,2003-06-27T02:50:44.600
99.14257,24.91798,12.27,2.54,2003-06-27T23:24:12.443
99.14285,24.91615,12.19,3.19,2003-06-29T03:36:45.598
98.8496,24.4065,7.33,1.16,2003-07-02T20:04:24.993
99.1357,24.91401,12.14,1.68,2003-07-04T14:54:50.499
99.14095,24.9188,12.35,1.69,2003-07-06T18:04:11.722
99.14154,24.91841,12.52,1.75,2003-07-06T18:18:44.124
99.13974,24.91868,12.07,2.07,2003-07-10T12:18:28.608
98.80976,24.40956,6.65,1.78,2003-07-11T05:04:46.521
98.80914,24.40944,6.31,1.66,2003-07-11T16:59:26.071
98.90898,24.67836,10.0,1.45,2003-07-12T10:21:46.575
98.90835,24.67919,10.26,0.82,2003-07-12T14:40:10.110
99.02238,24.81307,11.64,1.59,2003-07-12T19:49:32.209
98.87958,24.47102,8.75,2.21,2003-07-12T21:49:04.888
98.87336,24.66396,10.39,1.65,2003-07-13T13:31:18.530
98.90664,24.68195,6.87,0.82,2003-07-13T19:39:07.059
99.26512,24.80837,15.24,2.1,2003-07-14T04:44:29.634
98.90936,24.67862,9.95,1.45,2003-07-14T13:29:54.420
99.31204,24.93019,14.47,2.07,2003-07-15T16:32:27.244
98.90998,24.67793,9.93,1.44,2003-07-15T16:43:05.435
99.30549,24.92721,16.48,2.36,2003-07-15T21:32:23.531
98.90931,24.67852,10.18,1.44,2003-07-16T16:10:54.255
98.91226,24.67745,10.8,1.43,2003-07-16T18:07:18.968
98.85118,24.40631,7.77,1.31,2003-07-19T03:42:16.261
98.87371,24.66428,9.85,1.65,2003-07-19T15:48:20.677
99.14193,24.91905,12.15,2.21,2003-07-20T04:18:44.389
98.93059,24.57403,8.77,2.09,2003-07-21T13:07:07.292
99.31026,24.92865,15.3,2.12,2003-07-21T23:57:00.588
99.3085,24.92845,15.61,2.07,2003-07-22T19:22:15.252
98.90169,24.50109,8.87,1.15,2003-07-24T18:45:48.264
98.83656,24.40233,6.52,1.14,2003-07-24T20:21:52.810
98.839,24.4309,4.55,1.55,2003-07-25T13:51:07.201
98.839,24.4309,4.55,1.54,2003-07-25T15:45:17.701
98.9022,24.50146,8.64,1.18,2003-07-25T21:13:04.014
99.46712,24.60606,12.4,1.56,2003-07-26T00:14:51.753
98.89766,24.49508,9.35,1.34,2003-07-26T05:37:51.441
99.46867,24.6066,12.97,1.57,2003-07-26T12:57:14.247
98.82079,24.41832,8.33,2.28,2003-07-26T17:10:44.628
98.8179,24.41953,8.74,2.28,2003-07-26T17:27:10.612
98.817,24.42,8.9,2.28,2003-07-26T17:46:02.252
98.81342,24.41548,8.49,2.28,2003-07-26T17:48:41.144
98.817,24.42,8.9,2.28,2003-07-26T17:52:46.977
98.81569,24.42036,9.17,2.28,2003-07-26T18:05:19.317
98.81828,24.42028,8.93,2.3,2003-07-26T18:06:39.925
98.81465,24.42322,9.76,2.28,2003-07-26T18:10:52.259
98.82289,24.42249,8.99,2.29,2003-07-26T18:12:59.216
98.81689,24.42006,8.9,2.41,2003-07-26T18:13:37.377
98.81352,24.42112,9.24,2.28,2003-07-26T18:21:37.578
98.81431,24.42049,9.05,0.86,2003-07-26T18:27:44.246
98.81937,24.41967,8.76,2.29,2003-07-26T18:44:48.264
98.81868,24.42241,9.12,2.29,2003-07-26T18:57:09.942
98.80879,24.41581,8.47,2.28,2003-07-26T19:28:16.840
98.81598,24.4218,9.2,2.3,2003-07-26T20:03:01.018
98.81683,24.42065,8.83,2.3,2003-07-26T20:32:25.596
98.87047,24.47063,9.21,1.08,2003-07-26T21:47:09.211
98.87081,24.47005,9.17,1.09,2003-07-26T21:47:19.656
98.81696,24.42074,9.05,2.29,2003-07-26T21:58:46.519
98.81872,24.41859,8.8,2.3,2003-07-26T22:15:30.607
98.81702,24.42065,9.05,2.3,2003-07-26T22:43:09.790
98.81832,24.42059,8.49,2.37,2003-07-27T01:11:49.534
98.89331,24.49242,10.27,1.8,2003-07-27T05:59:09.571
98.8188,24.42246,8.76,2.27,2003-07-27T15:58:07.080
98.81337,24.41615,8.09,2.27,2003-07-27T18:46:43.180
98.81906,24.41911,8.59,2.28,2003-07-27T21:16:54.905
98.81776,24.42037,8.69,2.29,2003-07-28T14:27:34.096
98.81742,24.41984,8.96,2.36,2003-07-29T02:27:52.084
98.88121,24.47318,9.45,1.59,2003-07-29T04:05:59.269
98.87352,24.47313,9.16,1.1,2003-07-29T09:27:01.341
98.87221,24.47606,9.16,1.1,2003-07-29T09:31:50.398
98.87066,24.46628,9.5,1.1,2003-07-29T09:32:36.605
98.86894,24.46232,7.08,1.16,2003-07-29T09:48:01.147
98.81522,24.42126,9.23,0.86,2003-07-29T14:43:45.757
98.90168,24.50113,8.86,1.43,2003-07-29T16:20:02.415
98.9025,24.5006,8.68,1.4,2003-07-29T17:35:49.039
98.9025,24.5006,8.68,1.4,2003-07-29T17:36:10.163
98.82247,24.4255,9.68,2.29,2003-07-29T22:35:47.066
98.87636,24.45389,6.23,1.15,2003-07-30T07:13:30.501
98.90444,24.49871,8.35,1.41,2003-07-30T11:19:49.161
98.90251,24.51233,8.52,1.4,2003-07-30T13:56:17.701
98.90034,24.49273,8.88,1.4,2003-07-30T16:28:45.460
99.46781,24.6063,12.83,1.59,2003-07-31T00:18:14.152
98.88914,24.4931,10.24,1.81,2003-07-31T08:25:12.052
99.30964,24.92924,15.21,2.2,2003-08-01T04:57:27.541
98.87151,24.46332,8.76,1.14,2003-08-01T13:05:46.131
98.8189,24.41949,9.27,0.87,2003-08-02T09:38:31.297
98.85117,24.40652,6.85,1.38,2003-08-02T20:49:32.428
98.85048,24.40737,7.16,1.36,2003-08-03T17:29:15.308
98.33671,25.09127,10.19,1.41,2003-08-04T20:07:20.405
98.33603,25.09177,10.28,1.41,2003-08-04T22:09:16.419
99.3105,24.93035,15.09,2.13,2003-08-05T04:19:24.974
98.89333,24.49296,10.35,1.82,2003-08-05T17:46:19.931
98.85037,24.40737,7.6,1.36,2003-08-05T19:00:03.856
98.60853,25.41377,14.1,1.55,2003-08-05T19:35:44.103
98.86593,24.45677,9.39,0.95,2003-08-06T19:14:56.239
98.87499,24.46971,9.52,1.81,2003-08-06T20:12:43.861
98.6034,25.40823,13.97,1.72,2003-08-07T09:55:40.461
98.6034,25.40823,13.97,1.72,2003-08-07T09:56:02.786
98.6034,25.40823,13.97,1.72,2003-08-07T13:29:29.586
99.47012,24.59646,12.9,1.36,2003-08-07T21:41:06.756
98.60698,25.41656,14.96,1.47,2003-08-07T22:26:56.893
99.46908,24.59574,11.86,1.44,2003-08-07T22:55:28.471
98.89226,24.48957,11.05,2.07,2003-08-08T14:37:24.482
98.89058,24.49008,11.09,2.0,2003-08-08T14:46:42.229
98.89326,24.491,11.08,2.01,2003-08-08T14:48:01.684
98.87694,24.47624,13.32,2.01,2003-08-08T14:48:18.893
98.60279,25.41714,14.97,2.86,2003-08-08T16:21:00.523
98.604,25.41742,14.92,2.91,2003-08-08T16:22:34.907
98.60497,25.42593,12.67,1.72,2003-08-08T16:24:23.731
98.60534,25.4182,14.74,1.37,2003-08-08T16:27:53.813
98.60297,25.41592,14.87,2.86,2003-08-08T16:46:41.839
98.60073,25.42782,14.17,1.37,2003-08-08T16:47:39.395
98.60397,25.41858,14.89,2.3,2003-08-08T23:02:13.827
98.5985,25.41051,14.65,2.05,2003-08-09T01:19:04.132
98.59133,25.3988,15.92,2.04,2003-08-09T03:46:22.112
98.59677,25.41119,15.19,3.68,2003-08-09T06:19:06.010
98.59856,25.41199,14.95,2.04,2003-08-09T06:23:01.737
98.59292,25.41201,14.0,2.11,2003-08-09T06:24:09.923
98.60601,25.40628,14.66,2.85,2003-08-09T06:25:33.401
98.60501,25.39553,14.39,1.79,2003-08-09T06:32:09.026
98.59656,25.4027,13.79,1.79,2003-08-09T06:53:51.556
98.60472,25.41708,14.78,1.37,2003-08-09T07:36:32.569
98.61001,25.41383,13.95,2.87,2003-08-09T07:43:06.200
98.60328,25.41781,15.0,2.3,2003-08-09T07:53:37.679
98.60069,25.41147,15.0,2.85,2003-08-09T08:11:07.050
98.59259,25.41129,14.94,2.06,2003-08-09T08:20:25.672
98.60591,25.41887,14.89,3.06,2003-08-09T08:34:36.204
98.59958,25.4196,15.67,2.9,2003-08-09T08:34:49.615
98.60517,25.41731,14.83,1.35,2003-08-09T08:36:10.066
98.60967,25.43353,13.52,1.34,2003-08-09T08:42:44.977
98.6071,25.41364,14.37,1.57,2003-08-09T08:43:54.495
98.59344,25.40622,14.71,2.09,2003-08-09T08:49:25.562
98.61172,25.42317,16.16,2.29,2003-08-09T08:53:59.429
98.58455,25.41572,14.5,2.09,2003-08-09T09:06:54.372
98.59384,25.41328,14.02,2.09,2003-08-09T09:18:26.436
98.60765,25.41839,15.0,1.48,2003-08-09T09:22:38.612
98.60138,25.4219,14.34,1.34,2003-08-09T09:54:14.433
98.59057,25.41186,14.76,2.1,2003-08-09T10:32:24.587
98.60333,25.41358,15.39,1.37,2003-08-09T10:37:09.207
98.5982,25.41983,13.27,2.09,2003-08-09T11:03:33.620
98.59891,25.42055,14.88,2.85,2003-08-09T11:11:28.836
98.60031,25.41014,14.51,2.86,2003-08-09T11:21:47.035
98.59903,25.41019,14.41,2.9,2003-08-09T11:22:05.147
98.60184,25.41176,14.55,2.85,2003-08-09T13:05:15.750
98.59801,25.41258,13.83,2.06,2003-08-09T14:30:38.356
98.59267,25.41522,14.03,2.07,2003-08-09T14:30:57.477
98.59316,25.4149,14.09,2.08,2003-08-09T14:35:19.331
98.33726,25.0894,10.58,1.41,2003-08-09T16:26:04.820
98.8503,24.42368,6.54,1.11,2003-08-09T16:43:08.955
98.85657,24.41178,6.35,0.94,2003-08-09T18:59:56.152
98.60154,25.41722,15.22,1.5,2003-08-09T20:48:38.891
99.18132,24.92558,12.11,1.72,2003-08-09T21:16:28.962
99.17727,24.92902,11.49,1.69,2003-08-09T21:19:37.800
98.88231,24.47933,9.62,1.75,2003-08-10T18:27:14.754
98.60623,25.41974,14.98,1.34,2003-08-10T19:09:45.873
99.03965,24.82714,10.69,2.27,2003-08-11T13:47:01.179
99.26408,24.79943,14.9,2.16,2003-08-11T14:35:06.217
98.87048,24.46453,11.84,1.45,2003-08-11T17:28:31.793
99.1814,24.92615,12.58,1.72,2003-08-12T07:19:27.469
98.60758,25.41611,15.93,2.29,2003-08-12T18:05:20.286
99.31289,24.92925,14.86,2.1,2003-08-13T18:11:11.682
98.81551,24.42185,9.37,2.36,2003-08-13T20:47:28.910
98.85537,24.4103,8.63,1.31,2003-08-14T17:48:19.654
98.89303,24.49336,10.2,1.81,2003-08-15T09:37:08.493
98.87349,24.66465,10.32,1.65,2003-08-18T20:12:50.067
98.88196,24.47873,9.62,1.47,2003-08-19T21:36:53.202
98.8924,24.49066,10.5,2.04,2003-08-21T05:46:42.927
97.64741,25.15217,10.92,2.32,2003-08-21T21:39:46.026
99.30289,24.92439,16.6,2.12,2003-08-21T22:40:58.817
97.64886,25.15217,10.74,2.42,2003-08-22T15:41:59.122
97.64873,25.15326,10.45,2.3,2003-08-22T19:02:03.305
99.31692,24.93122,14.11,2.13,2003-08-23T19:00:00.254
99.30902,24.93178,15.66,2.12,2003-08-23T19:09:22.190
99.31058,24.93065,14.72,2.21,2003-08-24T21:45:33.271
99.30624,24.92742,15.41,2.11,2003-08-25T14:12:19.091
99.30862,24.93117,15.23,2.09,2003-08-25T14:19:34.535
98.87344,24.66391,9.88,1.65,2003-08-28T19:24:29.180
98.65036,24.69858,5.21,1.68,2003-08-29T20:49:26.937
98.7736,25.3214,11.02,2.02,2003-08-31T06:44:28.200
98.7736,25.3214,11.02,2.03,2003-08-31T06:59:37.800
98.65124,24.69902,5.19,1.68,2003-09-01T23:05:52.015
99.30919,24.93151,15.93,2.12,2003-09-04T17:02:35.480
98.84606,24.42715,5.88,2.57,2003-09-05T07:11:01.114
98.84629,24.42778,5.86,2.51,2003-09-05T07:39:33.981
99.05737,24.84729,11.82,2.02,2003-09-05T14:11:37.631
98.83218,24.44128,5.85,1.38,2003-09-05T16:00:50.124
99.05683,24.84731,11.82,1.93,2003-09-05T18:29:08.571
99.0543,24.84618,11.48,1.96,2003-09-05T22:55:44.750
99.0599,24.84842,12.16,1.95,2003-09-06T13:46:41.102
97.59654,24.44324,11.22,3.4,2003-09-08T11:48:41.997
98.89631,24.48881,9.8,1.74,2003-09-10T10:07:41.854
98.84904,24.40725,6.43,1.37,2003-09-10T16:42:06.957
98.33744,25.08956,10.24,1.41,2003-09-11T21:04:45.169
97.97276,25.17536,5.82,1.88,2003-09-12T18:10:53.839
98.84208,24.43692,8.19,2.07,2003-09-12T19:47:38.858
97.97264,25.17494,6.01,2.35,2003-09-13T10:06:34.663
98.84168,24.43718,8.18,2.1,2003-09-13T10:09:31.394
99.28196,25.13115,19.95,2.0,2003-09-13T12:46:42.853
99.28684,25.13715,20.74,2.46,2003-09-13T13:41:33.899
98.33486,25.09798,9.87,1.27,2003-09-15T20:46:03.302
99.46959,24.60703,13.72,1.64,2003-09-19T01:55:51.698
98.89667,24.48837,9.81,1.06,2003-09-19T14:37:40.596
99.01278,24.93092,8.19,3.02,2003-09-21T08:37:01.032
99.01326,24.9305,8.22,2.99,2003-09-21T08:37:21.827
99.01195,24.93194,8.04,2.77,2003-09-22T11:32:41.344
99.01155,24.93455,9.49,2.37,2003-09-22T11:34:34.272
99.01146,24.93329,8.48,2.34,2003-09-22T16:23:42.954
98.7347,24.83676,6.7,1.97,2003-09-23T05:27:47.586
98.73425,24.83621,6.72,1.94,2003-09-23T05:28:48.076
98.73509,24.83693,6.64,1.91,2003-09-23T11:48:26.638
98.73471,24.83717,6.67,1.92,2003-09-23T11:54:41.156
98.73275,24.83624,7.45,1.91,2003-09-23T12:23:54.141
98.7343,24.83089,6.27,1.9,2003-09-23T15:30:30.456
98.88157,24.47853,9.72,1.93,2003-09-25T10:52:05.325
98.86633,24.46976,5.76,2.13,2003-09-27T03:49:02.399
98.86615,24.46959,5.73,1.59,2003-09-27T08:36:59.338
98.86699,24.47039,5.7,1.56,2003-09-27T08:37:33.169
98.86618,24.4696,5.66,1.58,2003-09-27T11:21:22.209
98.85529,24.43591,7.42,1.45,2003-09-27T13:32:40.183
98.85457,24.43693,7.52,1.35,2003-09-27T17:18:34.226
98.85514,24.43639,7.24,1.12,2003-09-27T17:44:44.704
98.33529,25.09462,9.7,1.28,2003-09-27T19:13:28.266
99.61475,24.66429,16.75,2.86,2003-09-28T15:45:13.411
99.61485,24.66491,17.5,2.28,2003-09-28T17:38:00.591
98.86785,24.47523,9.66,1.19,2003-10-03T04:09:37.707
98.8162,24.41839,8.92,1.06,2003-10-03T21:51:11.658
98.1454,25.04189,7.06,2.19,2003-10-04T08:00:42.215
99.29409,24.89376,14.44,1.7,2003-10-04T12:38:49.880
98.1454,25.04189,7.06,2.21,2003-10-04T16:54:39.041
98.88673,24.49209,13.16,1.16,2003-10-04T17:37:40.314
98.42588,24.7441,10.8,1.3,2003-10-04T18:14:07.603
98.42779,24.73519,8.24,1.48,2003-10-04T18:16:14.665
98.42599,24.7441,10.64,1.49,2003-10-04T18:16:44.408
98.42487,24.74292,11.14,1.6,2003-10-04T18:16:59.812
98.87798,24.4757,9.53,1.5,2003-10-04T20:57:52.394
98.87685,24.47566,10.05,1.5,2003-10-04T20:58:32.397
98.87725,24.47573,10.64,1.47,2003-10-04T21:01:03.694
98.87756,24.47552,10.79,1.46,2003-10-04T21:39:36.854
98.42548,24.74392,10.73,1.61,2003-10-05T00:59:38.992
98.42529,24.74343,10.81,1.61,2003-10-05T01:05:17.557
98.8769,24.4788,9.66,1.86,2003-10-05T15:43:44.200
98.87693,24.47733,9.71,1.26,2003-10-05T16:40:49.203
98.87691,24.47555,8.73,1.26,2003-10-05T17:02:43.156
98.87791,24.47685,9.73,1.26,2003-10-05T17:28:22.976
98.87787,24.47734,9.75,1.87,2003-10-05T19:50:48.903
99.20398,24.85781,10.93,2.16,2003-10-07T12:54:56.500
98.42407,24.7429,10.95,1.62,2003-10-07T14:45:15.067
98.42458,24.74252,10.85,1.63,2003-10-07T15:16:00.288
98.42277,24.74229,10.64,1.62,2003-10-07T15:21:59.303
98.42432,24.74222,11.01,1.62,2003-10-07T15:33:36.620
98.42378,24.74201,10.93,1.62,2003-10-07T15:34:47.190
98.42374,24.74245,11.14,1.62,2003-10-07T15:43:30.919
98.42477,24.74243,10.78,1.62,2003-10-07T15:44:59.694
98.42538,24.74281,11.15,1.62,2003-10-07T19:17:43.743
98.85069,24.44282,5.57,1.4,2003-10-08T01:23:43.453
98.6988,24.3291,5.8,1.08,2003-10-08T13:30:53.751
98.6988,24.3291,5.8,1.09,2003-10-08T13:40:05.651
99.30051,24.89704,13.38,1.73,2003-10-08T14:45:32.322
99.20531,24.85901,10.8,1.82,2003-10-08T17:18:13.988
98.85009,24.44338,5.59,1.34,2003-10-08T21:32:35.797
98.84949,24.44518,5.68,1.37,2003-10-09T12:11:43.590
98.84972,24.44462,5.72,1.36,2003-10-09T12:42:20.088
98.89516,24.48399,7.89,0.99,2003-10-11T19:41:04.132
99.15184,24.91717,11.58,1.86,2003-10-12T17:45:30.078
99.15153,24.91762,11.68,1.88,2003-10-14T22:19:33.761
99.17361,24.92524,12.42,1.71,2003-10-15T00:31:40.996
98.84293,24.43414,6.2,1.79,2003-10-15T02:15:22.332
98.83864,24.4409,8.57,1.65,2003-10-15T10:27:54.682
98.72512,24.91216,11.19,2.46,2003-10-15T18:12:14.273
98.81007,24.40885,7.32,0.98,2003-10-16T18:38:36.107
98.81007,24.40805,7.32,0.96,2003-10-16T18:39:33.533
98.72417,24.9076,11.62,1.4,2003-10-17T16:55:10.016
98.72408,24.91344,11.47,2.42,2003-10-17T17:17:36.829
99.23502,24.90283,13.49,1.71,2003-10-18T13:52:53.654
99.23422,24.90366,12.65,1.71,2003-10-18T13:53:08.924
98.53963,24.95447,6.87,1.85,2003-10-18T14:21:06.612
99.23421,24.90371,12.72,1.72,2003-10-18T15:34:03.294
98.72466,24.90816,12.1,1.4,2003-10-18T15:42:40.675
98.72502,24.90785,12.08,1.4,2003-10-18T16:25:12.087
99.23365,24.90267,12.77,1.75,2003-10-18T16:28:41.293
98.53963,24.95447,7.04,1.48,2003-10-18T17:55:33.158
98.53976,24.95466,7.33,1.47,2003-10-18T17:57:01.186
98.72553,24.9077,12.26,1.4,2003-10-18T20:56:36.764
98.85881,24.46215,7.85,1.7,2003-10-18T22:00:22.587
98.85722,24.4648,9.36,1.48,2003-10-18T22:04:25.996
98.85885,24.46212,7.71,1.51,2003-10-18T22:05:13.134
98.85889,24.46195,7.82,1.8,2003-10-18T22:50:03.489
98.72513,24.90872,12.11,1.4,2003-10-19T02:24:56.980
98.54007,24.95561,6.94,1.81,2003-10-19T03:23:02.544
98.53619,24.9516,7.62,1.48,2003-10-19T05:29:09.377
98.53836,24.9547,7.66,1.48,2003-10-19T09:32:25.897
98.54081,24.95587,6.59,1.87,2003-10-19T09:34:40.689
98.54092,24.95628,6.86,1.88,2003-10-19T11:41:42.203
98.71466,24.89908,8.65,1.23,2003-10-19T16:12:45.219
98.83122,24.43135,6.47,1.71,2003-10-19T17:31:21.086
98.87785,24.47729,9.88,1.97,2003-10-19T21:03:32.624
98.88111,24.48302,10.15,1.09,2003-10-21T06:39:34.040
98.884,24.49817,9.07,1.25,2003-10-21T08:48:03.044
98.88418,24.49808,9.13,1.12,2003-10-21T09:13:15.178
98.88505,24.49616,8.91,1.12,2003-10-21T13:02:46.749
98.88147,24.48298,10.05,0.86,2003-10-21T17:08:04.112
98.88344,24.49859,9.02,0.79,2003-10-21T17:32:05.161
98.88423,24.49762,8.96,1.12,2003-10-21T17:54:34.235
98.53635,24.95436,7.61,1.11,2003-10-21T23:02:05.211
98.84211,24.43382,6.2,2.01,2003-10-22T04:33:26.433
99.05369,24.83769,11.49,2.15,2003-10-22T20:34:57.755
98.53767,24.96144,8.98,1.11,2003-10-23T14:41:27.127
98.89331,24.49237,9.94,1.8,2003-10-23T17:04:45.509
98.54043,24.95587,6.82,1.11,2003-10-23T18:48:48.415
98.5296,24.9716,8.48,1.73,2003-10-23T19:25:31.738
98.44594,24.88206,10.85,1.0,2003-10-24T17:51:48.515
98.44648,24.88141,10.43,1.01,2003-10-24T23:27:13.458
98.44634,24.8815,10.75,1.01,2003-10-25T00:32:16.995
98.44674,24.88104,10.78,1.89,2003-10-25T01:47:00.835
98.87793,24.47729,9.74,1.85,2003-10-25T06:14:13.277
98.87854,24.47653,9.73,1.38,2003-10-25T07:07:11.073
98.87766,24.47668,10.87,0.86,2003-10-25T16:31:25.185
99.52056,24.65688,14.55,1.46,2003-10-27T08:50:04.789
99.52041,24.65565,13.53,1.38,2003-10-27T17:02:26.848
99.52481,24.65576,13.59,1.38,2003-10-27T17:09:58.967
98.84015,24.43328,6.39,1.69,2003-10-28T17:07:02.517
99.52559,24.6592,12.92,0.73,2003-10-28T19:19:12.852
98.82109,24.42395,4.04,0.77,2003-10-28T20:27:18.439
99.52262,24.65681,13.01,1.27,2003-10-28T21:01:26.849
99.5216,24.6562,13.95,2.49,2003-10-28T21:02:32.091
99.51333,24.65007,15.58,1.31,2003-10-28T21:08:03.347
99.52158,24.6556,12.3,1.26,2003-10-28T21:17:27.633
99.52599,24.65921,12.7,0.73,2003-10-28T21:43:17.350
98.68829,24.32054,10.03,1.86,2003-11-01T10:35:09.712
98.68648,24.32187,10.57,1.71,2003-11-01T10:35:59.194
98.68803,24.32238,10.09,1.74,2003-11-01T10:41:31.347
98.93381,24.55383,10.41,1.32,2003-11-01T20:59:19.611
99.5234,24.65732,13.16,1.29,2003-11-02T02:49:23.759
98.95121,24.07775,9.63,1.63,2003-11-02T09:25:02.497
99.12826,24.94045,13.67,2.0,2003-11-03T14:29:58.959
99.12772,24.94018,13.23,2.0,2003-11-03T14:30:48.535
99.12864,24.94188,13.9,2.36,2003-11-03T14:30:59.125
98.72541,24.90731,12.4,1.4,2003-11-03T17:33:29.327
99.34791,23.93347,8.09,0.99,2003-11-03T18:31:40.268
98.95151,24.07961,8.78,2.71,2003-11-04T05:28:29.359
98.95218,24.07704,9.86,1.41,2003-11-04T05:34:27.220
98.87744,24.47762,9.44,2.4,2003-11-05T08:41:46.841
98.9298,24.50307,8.59,0.89,2003-11-05T21:12:28.464
99.34749,23.93313,8.01,1.25,2003-11-06T06:15:35.083
99.14892,24.91601,12.02,1.87,2003-11-06T16:49:13.839
98.78708,24.57463,8.85,1.28,2003-11-08T08:29:57.076
98.78742,24.57407,9.15,1.14,2003-11-08T17:56:18.700
98.5296,24.9716,8.48,1.75,2003-11-09T14:02:17.464
99.30973,24.92952,15.59,2.14,2003-11-09T19:55:52.063
98.85197,24.40663,7.37,1.19,2003-11-11T20:09:29.029
99.21124,24.88162,11.65,1.55,2003-11-13T15:38:42.280
98.89706,24.48686,10.56,0.96,2003-11-15T17:47:02.547
98.89336,24.49067,11.01,1.72,2003-11-26T19:54:27.373
