segment,lat,lon,depth_km,strike,dip,len_km,wid_km,slip_m,rake,t_rup_s
1,21.5454,95.9935,0.937,359.0,65.0,10.0,2.0,2.016,191.3,15.2
1,21.6354,95.9918,0.937,359.0,65.0,10.0,2.0,1.73,169.5,12.88
1,21.7254,95.9901,0.937,359.0,65.0,10.0,2.0,1.274,139.1,11.2
1,21.8154,95.9884,0.937,359.0,65.0,10.0,2.0,2.372,196.5,7.98
1,21.9054,95.9867,0.937,359.0,65.0,10.0,2.0,2.512,177.2,7.97
1,21.9953,95.985,0.937,359.0,65.0,10.0,2.0,1.036,205.0,9.76
1,22.0853,95.9833,0.937,359.0,65.0,10.0,2.0,1.794,173.1,13.97
1,22.1753,95.9816,0.937,359.0,65.0,10.0,2.0,2.022,177.9,17.78
1,22.2653,95.9799,0.937,359.0,65.0,10.0,2.0,2.457,192.4,22.6
1,22.3553,95.9782,0.937,359.0,65.0,10.0,2.0,3.563,173.0,26.28
1,22.4452,95.9765,0.937,359.0,65.0,10.0,2.0,3.076,161.2,26.0
1,22.5352,95.9748,0.937,359.0,65.0,10.0,2.0,1.984,161.5,23.93
1,22.6252,95.9731,0.937,359.0,65.0,10.0,2.0,0.304,151.7,23.06
1,22.7152,95.9714,0.937,359.0,65.0,10.0,2.0,0.511,140.2,26.61
1,22.8051,95.9697,0.937,359.0,65.0,10.0,2.0,0.091,187.6,34.56
1,22.8951,95.968,0.937,359.0,65.0,10.0,2.0,0.305,214.3,43.51
1,22.9851,95.9664,0.937,359.0,65.0,10.0,2.0,0.123,160.3,51.86
1,23.0751,95.9647,0.937,359.0,65.0,10.0,2.0,0.129,138.6,59.01
1,23.1651,95.963,0.937,359.0,65.0,10.0,2.0,0.109,150.3,63.97
1,21.5456,96.0017,2.749,359.0,65.0,10.0,2.0,1.76,157.2,14.93
1,21.6356,96.0,2.749,359.0,65.0,10.0,2.0,3.092,168.7,14.0
1,21.7255,95.9983,2.749,359.0,65.0,10.0,2.0,4.309,174.5,13.69
1,21.8155,95.9966,2.749,359.0,65.0,10.0,2.0,6.488,186.7,11.22
1,21.9055,95.9949,2.749,359.0,65.0,10.0,2.0,6.594,172.0,10.71
1,21.9955,95.9932,2.749,359.0,65.0,10.0,2.0,6.413,177.1,7.97
1,22.0854,95.9915,2.749,359.0,65.0,10.0,2.0,6.647,182.4,11.11
1,22.1754,95.9898,2.749,359.0,65.0,10.0,2.0,5.523,174.0,15.02
1,22.2654,95.9881,2.749,359.0,65.0,10.0,2.0,5.694,180.7,18.89
1,22.3554,95.9864,2.749,359.0,65.0,10.0,2.0,5.895,180.2,20.2
1,22.4454,95.9847,2.749,359.0,65.0,10.0,2.0,4.964,184.2,22.13
1,22.5353,95.983,2.749,359.0,65.0,10.0,2.0,3.847,185.5,22.27
1,22.6253,95.9813,2.749,359.0,65.0,10.0,2.0,2.332,180.5,24.01
1,22.7153,95.9796,2.749,359.0,65.0,10.0,2.0,1.218,165.1,28.76
1,22.8053,95.9779,2.749,359.0,65.0,10.0,2.0,0.279,159.8,37.32
1,22.8953,95.9762,2.749,359.0,65.0,10.0,2.0,0.142,142.7,46.87
1,22.9852,95.9746,2.749,359.0,65.0,10.0,2.0,0.033,146.5,55.83
1,23.0752,95.9729,2.749,359.0,65.0,10.0,2.0,0.043,208.7,62.38
1,23.1652,95.9712,2.749,359.0,65.0,10.0,2.0,0.305,150.1,66.94
1,21.5457,96.0099,4.562,359.0,65.0,10.0,2.0,3.804,172.6,14.27
1,21.6357,96.0082,4.562,359.0,65.0,10.0,2.0,4.266,179.5,16.73
1,21.7257,96.0065,4.562,359.0,65.0,10.0,2.0,5.963,181.7,16.4
1,21.8156,96.0048,4.562,359.0,65.0,10.0,2.0,6.728,175.3,10.89
1,21.9056,96.0031,4.562,359.0,65.0,10.0,2.0,7.042,172.1,11.09
1,21.9956,96.0014,4.562,359.0,65.0,10.0,2.0,7.414,178.3,4.58
1,22.0856,95.9997,4.562,359.0,65.0,10.0,2.0,7.933,182.4,10.29
1,22.1756,95.998,4.562,359.0,65.0,10.0,2.0,6.739,173.3,13.69
1,22.2655,95.9963,4.562,359.0,65.0,10.0,2.0,5.709,176.2,16.6
1,22.3555,95.9946,4.562,359.0,65.0,10.0,2.0,5.286,184.5,17.53
1,22.4455,95.9929,4.562,359.0,65.0,10.0,2.0,4.997,180.8,20.47
1,22.5355,95.9912,4.562,359.0,65.0,10.0,2.0,3.889,176.3,23.42
1,22.6255,95.9895,4.562,359.0,65.0,10.0,2.0,2.09,171.7,27.58
1,22.7154,95.9878,4.562,359.0,65.0,10.0,2.0,0.218,208.2,33.53
1,22.8054,95.9861,4.562,359.0,65.0,10.0,2.0,0.016,196.5,42.69
1,22.8954,95.9845,4.562,359.0,65.0,10.0,2.0,0.074,201.4,51.84
1,22.9854,95.9828,4.562,359.0,65.0,10.0,2.0,0.106,162.7,61.0
1,23.0754,95.9811,4.562,359.0,65.0,10.0,2.0,0.259,183.8,67.96
1,23.1653,95.9794,4.562,359.0,65.0,10.0,2.0,0.318,142.8,72.92
1,21.5458,96.0181,6.375,359.0,65.0,10.0,2.0,6.706,199.1,10.04
1,21.6358,96.0164,6.375,359.0,65.0,10.0,2.0,5.787,194.9,15.48
1,21.7258,96.0147,6.375,359.0,65.0,10.0,2.0,5.806,184.3,14.93
1,21.8158,96.013,6.375,359.0,65.0,10.0,2.0,4.351,177.0,10.6
1,21.9058,96.0113,6.375,359.0,65.0,10.0,2.0,4.724,186.0,6.71
1,21.9957,96.0096,6.375,359.0,65.0,10.0,2.0,5.54,190.3,2.98
1,22.0857,96.0079,6.375,359.0,65.0,10.0,2.0,6.693,188.4,9.91
1,22.1757,96.0062,6.375,359.0,65.0,10.0,2.0,5.937,180.6,14.4
1,22.2657,96.0045,6.375,359.0,65.0,10.0,2.0,4.797,177.7,16.53
1,22.3557,96.0028,6.375,359.0,65.0,10.0,2.0,3.802,190.5,18.88
1,22.4456,96.0011,6.375,359.0,65.0,10.0,2.0,4.183,170.1,23.24
1,22.5356,95.9994,6.375,359.0,65.0,10.0,2.0,2.496,175.5,26.19
1,22.6256,95.9977,6.375,359.0,65.0,10.0,2.0,1.51,167.8,31.35
1,22.7156,95.996,6.375,359.0,65.0,10.0,2.0,0.013,175.9,38.91
1,22.8055,95.9944,6.375,359.0,65.0,10.0,2.0,0.633,214.8,48.66
1,22.8955,95.9927,6.375,359.0,65.0,10.0,2.0,0.002,150.0,58.42
1,22.9855,95.991,6.375,359.0,65.0,10.0,2.0,0.073,150.1,68.18
1,23.0755,95.9893,6.375,359.0,65.0,10.0,2.0,0.013,158.8,74.94
1,23.1655,95.9876,6.375,359.0,65.0,10.0,2.0,0.073,192.9,81.3
1,21.546,96.0263,8.187,359.0,65.0,10.0,2.0,6.374,193.7,10.81
1,21.636,96.0246,8.187,359.0,65.0,10.0,2.0,3.989,178.4,14.85
1,21.7259,96.0229,8.187,359.0,65.0,10.0,2.0,2.49,172.5,15.1
1,21.8159,96.0212,8.187,359.0,65.0,10.0,2.0,1.378,160.2,9.94
1,21.9059,96.0195,8.187,359.0,65.0,10.0,2.0,1.951,210.1,4.4
1,21.9959,96.0178,8.187,359.0,65.0,10.0,2.0,2.386,203.0,1.99
1,22.0858,96.0161,8.187,359.0,65.0,10.0,2.0,3.64,190.8,9.4
1,22.1758,96.0144,8.187,359.0,65.0,10.0,2.0,4.152,176.9,14.94
1,22.2658,96.0127,8.187,359.0,65.0,10.0,2.0,3.426,176.2,17.9
1,22.3558,96.011,8.187,359.0,65.0,10.0,2.0,2.402,184.3,20.65
1,22.4458,96.0093,8.187,359.0,65.0,10.0,2.0,2.937,180.4,23.81
1,22.5357,96.0076,8.187,359.0,65.0,10.0,2.0,1.313,183.4,27.77
1,22.6257,96.0059,8.187,359.0,65.0,10.0,2.0,0.016,183.9,33.73
1,22.7157,96.0042,8.187,359.0,65.0,10.0,2.0,0.032,180.6,42.69
1,22.8057,96.0026,8.187,359.0,65.0,10.0,2.0,0.146,194.5,53.65
1,22.8957,96.0009,8.187,359.0,65.0,10.0,2.0,0.373,201.4,64.41
1,22.9856,95.9992,8.187,359.0,65.0,10.0,2.0,0.204,208.8,74.77
1,23.0756,95.9975,8.187,359.0,65.0,10.0,2.0,0.148,160.5,82.33
1,23.1656,95.9958,8.187,359.0,65.0,10.0,2.0,0.636,152.8,87.69
1,21.5461,96.0345,10.0,359.0,65.0,10.0,2.0,4.121,169.9,15.4
1,21.6361,96.0328,10.0,359.0,65.0,10.0,2.0,3.019,170.0,18.24
1,21.7261,96.0311,10.0,359.0,65.0,10.0,2.0,1.604,175.6,16.88
1,21.816,96.0294,10.0,359.0,65.0,10.0,2.0,0.675,158.6,10.12
1,21.906,96.0277,10.0,359.0,65.0,10.0,2.0,1.307,186.6,2.96
1,21.996,96.026,10.0,359.0,65.0,10.0,2.0,0.626,190.8,0.0
1,22.086,96.0243,10.0,359.0,65.0,10.0,2.0,0.941,180.0,7.76
1,22.176,96.0226,10.0,359.0,65.0,10.0,2.0,2.299,189.4,13.92
1,22.2659,96.0209,10.0,359.0,65.0,10.0,2.0,2.241,176.0,18.28
1,22.3559,96.0192,10.0,359.0,65.0,10.0,2.0,2.451,178.9,20.84
1,22.4459,96.0175,10.0,359.0,65.0,10.0,2.0,2.902,184.6,23.0
1,22.5359,96.0158,10.0,359.0,65.0,10.0,2.0,0.867,192.8,27.56
1,22.6259,96.0141,10.0,359.0,65.0,10.0,2.0,0.018,186.2,35.13
1,22.7158,96.0125,10.0,359.0,65.0,10.0,2.0,0.182,209.3,45.69
1,22.8058,96.0108,10.0,359.0,65.0,10.0,2.0,0.25,170.1,58.25
1,22.8958,96.0091,10.0,359.0,65.0,10.0,2.0,0.839,139.6,69.41
1,22.9858,96.0074,10.0,359.0,65.0,10.0,2.0,0.556,194.0,79.97
1,23.0757,96.0057,10.0,359.0,65.0,10.0,2.0,0.533,162.5,88.33
1,23.1657,96.004,10.0,359.0,65.0,10.0,2.0,1.672,135.6,93.89
1,21.5462,96.0427,11.813,359.0,65.0,10.0,2.0,2.132,182.3,22.21
1,21.6362,96.041,11.813,359.0,65.0,10.0,2.0,2.332,168.6,22.25
1,21.7262,96.0393,11.813,359.0,65.0,10.0,2.0,1.715,174.6,19.1
1,21.8162,96.0376,11.813,359.0,65.0,10.0,2.0,1.788,155.0,10.94
1,21.9062,96.0359,11.813,359.0,65.0,10.0,2.0,1.684,173.9,3.6
1,21.9961,96.0342,11.813,359.0,65.0,10.0,2.0,0.792,196.9,1.79
1,22.0861,96.0325,11.813,359.0,65.0,10.0,2.0,0.653,164.8,5.6
1,22.1761,96.0308,11.813,359.0,65.0,10.0,2.0,1.229,200.7,12.14
1,22.2661,96.0291,11.813,359.0,65.0,10.0,2.0,1.29,152.5,16.9
1,22.356,96.0274,11.813,359.0,65.0,10.0,2.0,3.172,173.8,20.65
1,22.446,96.0257,11.813,359.0,65.0,10.0,2.0,3.385,176.7,21.81
1,22.536,96.024,11.813,359.0,65.0,10.0,2.0,1.128,179.8,26.17
1,22.626,96.0223,11.813,359.0,65.0,10.0,2.0,0.268,205.6,34.13
1,22.716,96.0207,11.813,359.0,65.0,10.0,2.0,1.281,200.8,46.49
1,22.8059,96.019,11.813,359.0,65.0,10.0,2.0,0.909,174.2,59.85
1,22.8959,96.0173,11.813,359.0,65.0,10.0,2.0,0.473,138.2,72.01
1,22.9859,96.0156,11.813,359.0,65.0,10.0,2.0,1.055,202.8,83.57
1,23.0759,96.0139,11.813,359.0,65.0,10.0,2.0,0.555,143.8,91.93
1,23.1659,96.0122,11.813,359.0,65.0,10.0,2.0,1.358,144.8,98.29
1,21.5464,96.0509,13.625,359.0,65.0,10.0,2.0,0.476,190.5,25.04
1,21.6363,96.0492,13.625,359.0,65.0,10.0,2.0,0.815,160.2,24.88
1,21.7263,96.0475,13.625,359.0,65.0,10.0,2.0,1.137,185.2,20.73
1,21.8163,96.0458,13.625,359.0,65.0,10.0,2.0,1.389,184.5,13.0
1,21.9063,96.0441,13.625,359.0,65.0,10.0,2.0,0.949,189.3,6.31
1,21.9963,96.0424,13.625,359.0,65.0,10.0,2.0,0.241,155.6,3.38
1,22.0862,96.0407,13.625,359.0,65.0,10.0,2.0,0.04,149.7,5.71
1,22.1762,96.039,13.625,359.0,65.0,10.0,2.0,0.486,192.5,11.6
1,22.2662,96.0373,13.625,359.0,65.0,10.0,2.0,0.606,165.0,16.13
1,22.3562,96.0356,13.625,359.0,65.0,10.0,2.0,2.199,177.1,19.48
1,22.4462,96.0339,13.625,359.0,65.0,10.0,2.0,2.777,169.4,20.44
1,22.5361,96.0322,13.625,359.0,65.0,10.0,2.0,0.842,173.2,23.59
1,22.6261,96.0305,13.625,359.0,65.0,10.0,2.0,0.076,190.2,32.15
1,22.7161,96.0289,13.625,359.0,65.0,10.0,2.0,0.852,215.4,45.71
1,22.8061,96.0272,13.625,359.0,65.0,10.0,2.0,0.648,180.5,59.66
1,22.8961,96.0255,13.625,359.0,65.0,10.0,2.0,0.062,203.7,73.02
1,22.986,96.0238,13.625,359.0,65.0,10.0,2.0,1.068,195.8,84.38
1,23.076,96.0221,13.625,359.0,65.0,10.0,2.0,1.132,136.2,93.34
1,23.166,96.0204,13.625,359.0,65.0,10.0,2.0,1.258,143.8,99.1
1,21.5465,96.0591,15.438,359.0,65.0,10.0,2.0,0.702,144.8,27.07
1,21.6365,96.0574,15.438,359.0,65.0,10.0,2.0,0.329,156.6,25.73
1,21.7265,96.0557,15.438,359.0,65.0,10.0,2.0,0.848,171.9,21.8
1,21.8164,96.054,15.438,359.0,65.0,10.0,2.0,1.042,149.3,15.29
1,21.9064,96.0523,15.438,359.0,65.0,10.0,2.0,1.205,153.2,8.69
1,21.9964,96.0506,15.438,359.0,65.0,10.0,2.0,0.005,182.8,4.78
1,22.0864,96.0489,15.438,359.0,65.0,10.0,2.0,0.537,177.6,5.89
1,22.1764,96.0472,15.438,359.0,65.0,10.0,2.0,0.065,158.1,10.29
1,22.2663,96.0455,15.438,359.0,65.0,10.0,2.0,0.128,173.6,14.4
1,22.3563,96.0438,15.438,359.0,65.0,10.0,2.0,1.04,159.8,17.73
1,22.4463,96.0421,15.438,359.0,65.0,10.0,2.0,3.114,162.6,19.27
1,22.5363,96.0404,15.438,359.0,65.0,10.0,2.0,2.36,170.2,21.02
1,22.6263,96.0387,15.438,359.0,65.0,10.0,2.0,0.609,180.6,30.58
1,22.7162,96.0371,15.438,359.0,65.0,10.0,2.0,0.866,213.0,44.13
1,22.8062,96.0354,15.438,359.0,65.0,10.0,2.0,0.476,183.4,58.49
1,22.8962,96.0337,15.438,359.0,65.0,10.0,2.0,0.202,214.7,72.04
1,22.9862,96.032,15.438,359.0,65.0,10.0,2.0,1.112,196.7,84.0
1,23.0761,96.0303,15.438,359.0,65.0,10.0,2.0,0.417,136.4,92.76
1,23.1661,96.0286,15.438,359.0,65.0,10.0,2.0,1.0,137.3,98.32
1,21.5466,96.0673,17.25,359.0,65.0,10.0,2.0,0.836,155.3,28.13
1,21.6366,96.0656,17.25,359.0,65.0,10.0,2.0,0.744,151.2,27.4
1,21.7266,96.0639,17.25,359.0,65.0,10.0,2.0,0.395,189.9,23.49
1,21.8166,96.0622,17.25,359.0,65.0,10.0,2.0,0.025,162.2,17.42
1,21.9066,96.0605,17.25,359.0,65.0,10.0,2.0,0.906,163.2,10.71
1,21.9965,96.0588,17.25,359.0,65.0,10.0,2.0,0.895,175.1,6.57
1,22.0865,96.0571,17.25,359.0,65.0,10.0,2.0,1.019,166.9,6.11
1,22.1765,96.0554,17.25,359.0,65.0,10.0,2.0,0.087,192.9,9.22
1,22.2665,96.0537,17.25,359.0,65.0,10.0,2.0,0.23,148.0,12.69
1,22.3564,96.052,17.25,359.0,65.0,10.0,2.0,0.145,135.5,15.6
1,22.4464,96.0503,17.25,359.0,65.0,10.0,2.0,1.912,157.5,18.53
1,22.5364,96.0486,17.25,359.0,65.0,10.0,2.0,1.003,163.3,21.67
1,22.6264,96.047,17.25,359.0,65.0,10.0,2.0,0.531,171.1,30.61
1,22.7164,96.0453,17.25,359.0,65.0,10.0,2.0,1.157,212.7,43.36
1,22.8063,96.0436,17.25,359.0,65.0,10.0,2.0,0.453,195.7,57.32
1,22.8963,96.0419,17.25,359.0,65.0,10.0,2.0,0.073,143.1,70.07
1,22.9863,96.0402,17.25,359.0,65.0,10.0,2.0,0.962,190.1,81.63
1,23.0763,96.0385,17.25,359.0,65.0,10.0,2.0,0.26,163.6,90.38
1,23.1663,96.0368,17.25,359.0,65.0,10.0,2.0,0.504,135.7,95.74
1,21.5468,96.0755,19.063,359.0,65.0,10.0,2.0,0.044,174.8,28.8
1,21.6367,96.0738,19.063,359.0,65.0,10.0,2.0,0.175,169.5,29.08
1,21.7267,96.0721,19.063,359.0,65.0,10.0,2.0,0.551,162.9,26.0
1,21.8167,96.0704,19.063,359.0,65.0,10.0,2.0,0.119,198.3,19.58
1,21.9067,96.0687,19.063,359.0,65.0,10.0,2.0,0.436,167.2,12.97
1,21.9967,96.067,19.063,359.0,65.0,10.0,2.0,0.091,199.0,8.56
1,22.0866,96.0653,19.063,359.0,65.0,10.0,2.0,0.082,172.0,7.57
1,22.1766,96.0636,19.063,359.0,65.0,10.0,2.0,0.105,178.3,9.98
1,22.2666,96.0619,19.063,359.0,65.0,10.0,2.0,0.017,194.1,13.0
1,22.3566,96.0602,19.063,359.0,65.0,10.0,2.0,0.027,186.9,15.48
1,22.4466,96.0585,19.063,359.0,65.0,10.0,2.0,0.277,153.2,18.8
1,22.5365,96.0568,19.063,359.0,65.0,10.0,2.0,0.009,177.5,23.13
1,22.6265,96.0552,19.063,359.0,65.0,10.0,2.0,0.039,212.0,30.66
1,22.7165,96.0535,19.063,359.0,65.0,10.0,2.0,0.073,209.6,43.01
1,22.8065,96.0518,19.063,359.0,65.0,10.0,2.0,0.224,208.5,55.56
1,22.8965,96.0501,19.063,359.0,65.0,10.0,2.0,0.042,171.0,67.31
1,22.9864,96.0484,19.063,359.0,65.0,10.0,2.0,0.531,195.1,78.46
1,23.0764,96.0467,19.063,359.0,65.0,10.0,2.0,0.756,199.6,86.41
1,23.1664,96.045,19.063,359.0,65.0,10.0,2.0,0.189,142.4,91.17
1,21.5469,96.0837,20.876,359.0,65.0,10.0,2.0,0.448,154.9,29.88
1,21.6369,96.082,20.876,359.0,65.0,10.0,2.0,1.676,162.6,30.99
1,21.7269,96.0803,20.876,359.0,65.0,10.0,2.0,1.428,159.5,27.94
1,21.8168,96.0786,20.876,359.0,65.0,10.0,2.0,0.1,194.2,21.57
1,21.9068,96.0769,20.876,359.0,65.0,10.0,2.0,0.073,141.7,15.46
1,21.9968,96.0752,20.876,359.0,65.0,10.0,2.0,0.034,149.4,11.55
1,22.0868,96.0735,20.876,359.0,65.0,10.0,2.0,0.026,206.8,9.86
1,22.1768,96.0718,20.876,359.0,65.0,10.0,2.0,0.092,136.0,11.77
1,22.2667,96.0701,20.876,359.0,65.0,10.0,2.0,0.014,199.5,14.34
1,22.3567,96.0684,20.876,359.0,65.0,10.0,2.0,0.047,205.4,16.99
1,22.4467,96.0667,20.876,359.0,65.0,10.0,2.0,0.214,168.5,19.48
1,22.5367,96.065,20.876,359.0,65.0,10.0,2.0,0.148,202.3,24.4
1,22.6266,96.0634,20.876,359.0,65.0,10.0,2.0,0.003,145.9,31.53
1,22.7166,96.0617,20.876,359.0,65.0,10.0,2.0,0.023,152.7,42.46
1,22.8066,96.06,20.876,359.0,65.0,10.0,2.0,0.009,148.9,53.4
1,22.8966,96.0583,20.876,359.0,65.0,10.0,2.0,0.007,182.2,64.55
1,22.9866,96.0566,20.876,359.0,65.0,10.0,2.0,0.149,205.6,74.5
1,23.0765,96.0549,20.876,359.0,65.0,10.0,2.0,1.227,190.5,82.65
1,23.1665,96.0532,20.876,359.0,65.0,10.0,2.0,0.987,192.2,88.2
1,21.547,96.0919,22.688,359.0,65.0,10.0,2.0,0.629,169.2,30.38
1,21.637,96.0902,22.688,359.0,65.0,10.0,2.0,2.021,170.4,32.51
1,21.727,96.0885,22.688,359.0,65.0,10.0,2.0,2.009,154.8,29.09
1,21.817,96.0868,22.688,359.0,65.0,10.0,2.0,0.085,154.2,23.59
1,21.9069,96.0851,22.688,359.0,65.0,10.0,2.0,0.063,198.5,17.17
1,21.9969,96.0834,22.688,359.0,65.0,10.0,2.0,0.007,141.9,13.55
1,22.0869,96.0817,22.688,359.0,65.0,10.0,2.0,0.075,201.6,12.77
1,22.1769,96.08,22.688,359.0,65.0,10.0,2.0,0.006,163.7,13.19
1,22.2669,96.0783,22.688,359.0,65.0,10.0,2.0,0.078,145.6,15.69
1,22.3568,96.0766,22.688,359.0,65.0,10.0,2.0,0.175,166.3,18.51
1,22.4468,96.075,22.688,359.0,65.0,10.0,2.0,0.457,149.4,21.18
1,22.5368,96.0733,22.688,359.0,65.0,10.0,2.0,0.023,198.2,26.28
1,22.6268,96.0716,22.688,359.0,65.0,10.0,2.0,0.11,188.9,32.8
1,22.7168,96.0699,22.688,359.0,65.0,10.0,2.0,0.036,169.2,41.92
1,22.8067,96.0682,22.688,359.0,65.0,10.0,2.0,0.011,196.1,52.06
1,22.8967,96.0665,22.688,359.0,65.0,10.0,2.0,0.009,158.5,62.0
1,22.9867,96.0648,22.688,359.0,65.0,10.0,2.0,0.013,181.0,72.14
1,23.0767,96.0631,22.688,359.0,65.0,10.0,2.0,0.568,205.4,79.69
1,23.1667,96.0614,22.688,359.0,65.0,10.0,2.0,0.775,193.3,85.04
1,21.5472,96.1001,24.501,359.0,65.0,10.0,2.0,0.844,171.1,31.49
1,21.6371,96.0984,24.501,359.0,65.0,10.0,2.0,1.443,165.7,32.85
1,21.7271,96.0967,24.501,359.0,65.0,10.0,2.0,1.813,154.1,30.27
1,21.8171,96.095,24.501,359.0,65.0,10.0,2.0,0.175,139.4,25.02
1,21.9071,96.0933,24.501,359.0,65.0,10.0,2.0,0.023,197.3,18.7
1,21.9971,96.0916,24.501,359.0,65.0,10.0,2.0,0.011,192.8,15.54
1,22.087,96.0899,24.501,359.0,65.0,10.0,2.0,0.004,168.1,14.3
1,22.177,96.0882,24.501,359.0,65.0,10.0,2.0,0.08,140.7,15.22
1,22.267,96.0865,24.501,359.0,65.0,10.0,2.0,0.031,181.2,17.67
1,22.357,96.0848,24.501,359.0,65.0,10.0,2.0,0.2,150.2,20.05
1,22.447,96.0832,24.501,359.0,65.0,10.0,2.0,0.715,138.8,22.09
1,22.5369,96.0815,24.501,359.0,65.0,10.0,2.0,0.229,179.1,26.38
1,22.6269,96.0798,24.501,359.0,65.0,10.0,2.0,0.108,209.4,32.68
1,22.7169,96.0781,24.501,359.0,65.0,10.0,2.0,0.048,206.6,41.2
1,22.8069,96.0764,24.501,359.0,65.0,10.0,2.0,0.03,178.8,50.52
1,22.8969,96.0747,24.501,359.0,65.0,10.0,2.0,0.259,182.2,59.86
1,22.9868,96.073,24.501,359.0,65.0,10.0,2.0,0.017,214.0,69.0
1,23.0768,96.0713,24.501,359.0,65.0,10.0,2.0,0.021,147.9,76.34
1,23.1668,96.0696,24.501,359.0,65.0,10.0,2.0,0.021,202.2,82.28
1,21.5473,96.1083,26.314,359.0,65.0,10.0,2.0,0.279,185.2,31.82
1,21.6373,96.1066,26.314,359.0,65.0,10.0,2.0,0.215,149.0,32.8
1,21.7273,96.1049,26.314,359.0,65.0,10.0,2.0,0.291,146.9,30.66
1,21.8172,96.1032,26.314,359.0,65.0,10.0,2.0,0.313,162.7,26.08
1,21.9072,96.1015,26.314,359.0,65.0,10.0,2.0,0.02,198.0,19.84
1,21.9972,96.0998,26.314,359.0,65.0,10.0,2.0,0.084,148.5,15.93
1,22.0872,96.0981,26.314,359.0,65.0,10.0,2.0,0.037,140.8,15.24
1,22.1772,96.0964,26.314,359.0,65.0,10.0,2.0,0.011,187.0,16.08
1,22.2671,96.0947,26.314,359.0,65.0,10.0,2.0,0.029,209.1,18.46
1,22.3571,96.093,26.314,359.0,65.0,10.0,2.0,0.014,136.6,20.2
1,22.4471,96.0914,26.314,359.0,65.0,10.0,2.0,0.011,150.0,23.02
1,22.5371,96.0897,26.314,359.0,65.0,10.0,2.0,0.002,199.0,26.68
1,22.627,96.088,26.314,359.0,65.0,10.0,2.0,0.031,207.9,33.17
1,22.717,96.0863,26.314,359.0,65.0,10.0,2.0,0.029,204.1,40.68
1,22.807,96.0846,26.314,359.0,65.0,10.0,2.0,0.014,170.0,50.4
1,22.897,96.0829,26.314,359.0,65.0,10.0,2.0,0.08,214.6,58.72
1,22.987,96.0812,26.314,359.0,65.0,10.0,2.0,0.013,166.8,67.26
1,23.0769,96.0795,26.314,359.0,65.0,10.0,2.0,0.269,204.5,75.19
1,23.1669,96.0778,26.314,359.0,65.0,10.0,2.0,0.034,203.3,81.13
2,20.558,96.0651,0.937,356.0,65.0,10.0,2.0,4.708,192.5,30.83
2,20.6478,96.0584,0.937,356.0,65.0,10.0,2.0,3.417,182.8,29.48
2,20.7376,96.0516,0.937,356.0,65.0,10.0,2.0,2.832,163.2,29.12
2,20.8273,96.0449,0.937,356.0,65.0,10.0,2.0,2.426,169.2,26.97
2,20.9171,96.0381,0.937,356.0,65.0,10.0,2.0,2.34,195.8,26.81
2,21.0069,96.0314,0.937,356.0,65.0,10.0,2.0,3.355,198.1,32.06
2,21.0967,96.0246,0.937,356.0,65.0,10.0,2.0,3.161,173.2,26.51
2,21.1864,96.0179,0.937,356.0,65.0,10.0,2.0,2.156,177.3,20.56
2,21.2762,96.0111,0.937,356.0,65.0,10.0,2.0,2.961,170.9,17.41
2,21.366,96.0044,0.937,356.0,65.0,10.0,2.0,2.995,155.4,17.46
2,21.4558,95.9977,0.937,356.0,65.0,10.0,2.0,1.59,162.0,16.73
2,20.5586,96.0733,2.749,356.0,65.0,10.0,2.0,2.734,157.6,32.41
2,20.6483,96.0665,2.749,356.0,65.0,10.0,2.0,3.003,178.5,28.85
2,20.7381,96.0598,2.749,356.0,65.0,10.0,2.0,3.888,183.4,28.7
2,20.8279,96.053,2.749,356.0,65.0,10.0,2.0,4.973,184.4,26.74
2,20.9177,96.0463,2.749,356.0,65.0,10.0,2.0,3.671,178.7,26.18
2,21.0074,96.0395,2.749,356.0,65.0,10.0,2.0,2.276,186.4,26.23
2,21.0972,96.0328,2.749,356.0,65.0,10.0,2.0,0.761,170.7,23.07
2,21.187,96.0261,2.749,356.0,65.0,10.0,2.0,1.56,184.8,17.72
2,21.2767,96.0193,2.749,356.0,65.0,10.0,2.0,2.319,206.5,17.16
2,21.3665,96.0126,2.749,356.0,65.0,10.0,2.0,2.336,177.1,16.81
2,21.4563,96.0058,2.749,356.0,65.0,10.0,2.0,1.772,187.9,16.07
2,20.5591,96.0814,4.562,356.0,65.0,10.0,2.0,3.44,165.5,33.59
2,20.6489,96.0747,4.562,356.0,65.0,10.0,2.0,2.704,187.8,30.84
2,20.7386,96.0679,4.562,356.0,65.0,10.0,2.0,5.11,180.4,28.88
2,20.8284,96.0612,4.562,356.0,65.0,10.0,2.0,6.159,172.6,27.12
2,20.9182,96.0545,4.562,356.0,65.0,10.0,2.0,4.941,167.5,27.76
2,21.008,96.0477,4.562,356.0,65.0,10.0,2.0,4.537,182.7,25.4
2,21.0977,96.041,4.562,356.0,65.0,10.0,2.0,3.928,181.2,23.04
2,21.1875,96.0342,4.562,356.0,65.0,10.0,2.0,2.993,173.5,17.69
2,21.2773,96.0275,4.562,356.0,65.0,10.0,2.0,2.811,190.0,17.13
2,21.3671,96.0207,4.562,356.0,65.0,10.0,2.0,2.06,184.8,15.18
2,21.4568,96.014,4.562,356.0,65.0,10.0,2.0,2.269,184.2,14.62
2,20.5596,96.0896,6.375,356.0,65.0,10.0,2.0,4.548,176.4,34.58
2,20.6494,96.0828,6.375,356.0,65.0,10.0,2.0,3.15,188.5,33.62
2,20.7392,96.0761,6.375,356.0,65.0,10.0,2.0,5.611,192.3,32.26
2,20.8289,96.0694,6.375,356.0,65.0,10.0,2.0,4.772,172.0,32.1
2,20.9187,96.0626,6.375,356.0,65.0,10.0,2.0,3.382,171.6,34.14
2,21.0085,96.0559,6.375,356.0,65.0,10.0,2.0,4.416,182.1,27.18
2,21.0983,96.0491,6.375,356.0,65.0,10.0,2.0,4.172,185.0,21.02
2,21.188,96.0424,6.375,356.0,65.0,10.0,2.0,2.411,180.0,19.26
2,21.2778,96.0356,6.375,356.0,65.0,10.0,2.0,2.287,193.1,16.71
2,21.3676,96.0289,6.375,356.0,65.0,10.0,2.0,2.945,193.3,13.75
2,21.4574,96.0221,6.375,356.0,65.0,10.0,2.0,4.034,193.7,12.19
2,20.5602,96.0977,8.187,356.0,65.0,10.0,2.0,3.779,176.2,34.98
2,20.6499,96.091,8.187,356.0,65.0,10.0,2.0,1.721,200.9,39.41
2,20.7397,96.0843,8.187,356.0,65.0,10.0,2.0,4.835,203.2,45.65
2,20.8295,96.0775,8.187,356.0,65.0,10.0,2.0,3.733,182.4,45.49
2,20.9192,96.0708,8.187,356.0,65.0,10.0,2.0,1.874,170.5,42.33
2,21.009,96.064,8.187,356.0,65.0,10.0,2.0,2.045,148.0,31.97
2,21.0988,96.0573,8.187,356.0,65.0,10.0,2.0,3.206,166.3,27.01
2,21.1886,96.0505,8.187,356.0,65.0,10.0,2.0,2.465,183.1,23.45
2,21.2783,96.0438,8.187,356.0,65.0,10.0,2.0,3.312,187.2,18.69
2,21.3681,96.037,8.187,356.0,65.0,10.0,2.0,4.39,199.8,14.73
2,21.4579,96.0303,8.187,356.0,65.0,10.0,2.0,5.35,202.7,12.57
2,20.5607,96.1059,10.0,356.0,65.0,10.0,2.0,2.828,139.4,38.77
2,20.6505,96.0992,10.0,356.0,65.0,10.0,2.0,1.526,168.4,45.61
2,20.7402,96.0924,10.0,356.0,65.0,10.0,2.0,3.018,201.1,53.05
2,20.83,96.0857,10.0,356.0,65.0,10.0,2.0,2.94,190.6,55.49
2,20.9198,96.0789,10.0,356.0,65.0,10.0,2.0,1.666,184.0,49.93
2,21.0095,96.0722,10.0,356.0,65.0,10.0,2.0,1.201,142.3,40.37
2,21.0993,96.0654,10.0,356.0,65.0,10.0,2.0,0.902,209.9,32.21
2,21.1891,96.0587,10.0,356.0,65.0,10.0,2.0,2.588,204.3,27.05
2,21.2789,96.0519,10.0,356.0,65.0,10.0,2.0,3.491,171.4,21.69
2,21.3686,96.0452,10.0,356.0,65.0,10.0,2.0,4.655,176.4,17.13
2,21.4584,96.0384,10.0,356.0,65.0,10.0,2.0,4.25,174.0,15.76
2,20.5612,96.1141,11.813,356.0,65.0,10.0,2.0,1.936,152.5,48.38
2,20.651,96.1073,11.813,356.0,65.0,10.0,2.0,0.365,194.5,54.21
2,20.7408,96.1006,11.813,356.0,65.0,10.0,2.0,0.927,185.5,59.25
2,20.8305,96.0938,11.813,356.0,65.0,10.0,2.0,1.084,175.7,59.49
2,20.9203,96.0871,11.813,356.0,65.0,10.0,2.0,0.266,178.8,54.33
2,21.0101,96.0803,11.813,356.0,65.0,10.0,2.0,0.052,207.1,44.77
2,21.0999,96.0736,11.813,356.0,65.0,10.0,2.0,0.671,208.2,35.81
2,21.1896,96.0668,11.813,356.0,65.0,10.0,2.0,1.941,206.8,28.85
2,21.2794,96.0601,11.813,356.0,65.0,10.0,2.0,2.904,165.6,22.29
2,21.3692,96.0533,11.813,356.0,65.0,10.0,2.0,4.189,181.7,20.33
2,21.4589,96.0466,11.813,356.0,65.0,10.0,2.0,4.116,174.7,22.17
2,20.5617,96.1222,13.625,356.0,65.0,10.0,2.0,1.715,159.7,57.18
2,20.6515,96.1155,13.625,356.0,65.0,10.0,2.0,0.263,171.1,61.02
2,20.7413,96.1087,13.625,356.0,65.0,10.0,2.0,1.237,166.9,63.86
2,20.8311,96.102,13.625,356.0,65.0,10.0,2.0,1.646,149.8,62.1
2,20.9208,96.0952,13.625,356.0,65.0,10.0,2.0,0.85,178.9,55.94
2,21.0106,96.0885,13.625,356.0,65.0,10.0,2.0,0.02,195.2,46.18
2,21.1004,96.0817,13.625,356.0,65.0,10.0,2.0,0.076,162.9,35.42
2,21.1902,96.075,13.625,356.0,65.0,10.0,2.0,0.995,198.4,28.06
2,21.2799,96.0682,13.625,356.0,65.0,10.0,2.0,1.265,171.0,22.91
2,21.3697,96.0615,13.625,356.0,65.0,10.0,2.0,2.369,185.8,21.95
2,21.4595,96.0547,13.625,356.0,65.0,10.0,2.0,1.901,200.3,24.39
2,20.5623,96.1304,15.438,356.0,65.0,10.0,2.0,0.508,182.5,63.39
2,20.652,96.1236,15.438,356.0,65.0,10.0,2.0,1.18,187.6,66.04
2,20.7418,96.1169,15.438,356.0,65.0,10.0,2.0,1.703,187.0,66.88
2,20.8316,96.1101,15.438,356.0,65.0,10.0,2.0,1.501,149.2,62.92
2,20.9214,96.1034,15.438,356.0,65.0,10.0,2.0,0.211,189.0,54.76
2,21.0111,96.0966,15.438,356.0,65.0,10.0,2.0,0.169,170.2,43.2
2,21.1009,96.0899,15.438,356.0,65.0,10.0,2.0,0.009,208.0,32.64
2,21.1907,96.0831,15.438,356.0,65.0,10.0,2.0,0.443,204.9,25.89
2,21.2805,96.0764,15.438,356.0,65.0,10.0,2.0,0.055,189.5,22.73
2,21.3702,96.0696,15.438,356.0,65.0,10.0,2.0,0.038,139.5,23.58
2,21.46,96.0629,15.438,356.0,65.0,10.0,2.0,0.082,171.3,26.62
2,20.5628,96.1385,17.25,356.0,65.0,10.0,2.0,0.273,159.5,66.81
2,20.6526,96.1318,17.25,356.0,65.0,10.0,2.0,1.64,188.0,68.45
2,20.7424,96.125,17.25,356.0,65.0,10.0,2.0,1.774,185.5,65.9
2,20.8321,96.1183,17.25,356.0,65.0,10.0,2.0,0.623,136.6,60.34
2,20.9219,96.1115,17.25,356.0,65.0,10.0,2.0,0.032,164.0,50.58
2,21.0117,96.1048,17.25,356.0,65.0,10.0,2.0,0.247,149.1,39.23
2,21.1014,96.098,17.25,356.0,65.0,10.0,2.0,1.386,160.7,28.67
2,21.1912,96.0913,17.25,356.0,65.0,10.0,2.0,1.103,162.6,22.32
2,21.281,96.0845,17.25,356.0,65.0,10.0,2.0,0.057,175.5,21.16
2,21.3708,96.0778,17.25,356.0,65.0,10.0,2.0,0.058,159.0,23.21
2,21.4605,96.0711,17.25,356.0,65.0,10.0,2.0,0.687,144.1,26.87
2,20.5633,96.1467,19.063,356.0,65.0,10.0,2.0,0.012,174.8,67.83
2,20.6531,96.1399,19.063,356.0,65.0,10.0,2.0,0.053,172.3,67.68
2,20.7429,96.1332,19.063,356.0,65.0,10.0,2.0,0.139,148.5,63.12
2,20.8327,96.1264,19.063,356.0,65.0,10.0,2.0,0.053,176.4,55.37
2,20.9224,96.1197,19.063,356.0,65.0,10.0,2.0,0.481,200.2,45.01
2,21.0122,96.1129,19.063,356.0,65.0,10.0,2.0,2.06,211.1,33.06
2,21.102,96.1062,19.063,356.0,65.0,10.0,2.0,4.755,193.1,24.11
2,21.1917,96.0994,19.063,356.0,65.0,10.0,2.0,3.713,183.3,19.56
2,21.2815,96.0927,19.063,356.0,65.0,10.0,2.0,2.177,187.2,19.41
2,21.3713,96.086,19.063,356.0,65.0,10.0,2.0,0.011,172.0,22.46
2,21.4611,96.0792,19.063,356.0,65.0,10.0,2.0,0.245,156.6,26.33
2,20.5639,96.1548,20.876,356.0,65.0,10.0,2.0,0.044,185.5,66.26
2,20.6536,96.1481,20.876,356.0,65.0,10.0,2.0,0.014,194.9,64.51
2,20.7434,96.1413,20.876,356.0,65.0,10.0,2.0,0.017,187.1,59.55
2,20.8332,96.1346,20.876,356.0,65.0,10.0,2.0,0.042,199.6,50.2
2,20.923,96.1278,20.876,356.0,65.0,10.0,2.0,0.392,184.7,39.05
2,21.0127,96.1211,20.876,356.0,65.0,10.0,2.0,2.761,190.9,26.9
2,21.1025,96.1144,20.876,356.0,65.0,10.0,2.0,4.243,183.6,21.35
2,21.1923,96.1076,20.876,356.0,65.0,10.0,2.0,3.282,189.2,18.6
2,21.2821,96.1009,20.876,356.0,65.0,10.0,2.0,2.328,186.7,18.86
2,21.3718,96.0941,20.876,356.0,65.0,10.0,2.0,0.008,170.9,21.93
2,21.4616,96.0874,20.876,356.0,65.0,10.0,2.0,0.051,182.6,26.2
2,20.5644,96.163,22.688,356.0,65.0,10.0,2.0,0.042,174.1,63.69
2,20.6542,96.1562,22.688,356.0,65.0,10.0,2.0,0.077,207.3,60.94
2,20.7439,96.1495,22.688,356.0,65.0,10.0,2.0,0.004,168.5,56.19
2,20.8337,96.1428,22.688,356.0,65.0,10.0,2.0,0.084,201.8,47.64
2,20.9235,96.136,22.688,356.0,65.0,10.0,2.0,0.027,197.6,36.49
2,21.0133,96.1293,22.688,356.0,65.0,10.0,2.0,1.672,171.8,26.74
2,21.103,96.1225,22.688,356.0,65.0,10.0,2.0,1.48,164.3,21.0
2,21.1928,96.1158,22.688,356.0,65.0,10.0,2.0,1.154,191.1,18.46
2,21.2826,96.109,22.688,356.0,65.0,10.0,2.0,1.723,183.2,18.12
2,21.3724,96.1023,22.688,356.0,65.0,10.0,2.0,0.094,206.9,21.6
2,21.4621,96.0955,22.688,356.0,65.0,10.0,2.0,0.045,187.1,26.28
2,20.5649,96.1712,24.501,356.0,65.0,10.0,2.0,0.064,149.1,59.33
2,20.6547,96.1644,24.501,356.0,65.0,10.0,2.0,0.036,180.8,57.58
2,20.7445,96.1577,24.501,356.0,65.0,10.0,2.0,0.155,209.4,53.83
2,20.8342,96.1509,24.501,356.0,65.0,10.0,2.0,0.354,205.3,46.48
2,20.924,96.1442,24.501,356.0,65.0,10.0,2.0,0.002,163.1,36.74
2,21.0138,96.1374,24.501,356.0,65.0,10.0,2.0,0.003,155.3,28.4
2,21.1036,96.1307,24.501,356.0,65.0,10.0,2.0,0.102,198.6,21.46
2,21.1933,96.1239,24.501,356.0,65.0,10.0,2.0,0.664,190.4,17.92
2,21.2831,96.1172,24.501,356.0,65.0,10.0,2.0,2.016,172.7,17.6
2,21.3729,96.1104,24.501,356.0,65.0,10.0,2.0,0.043,190.1,21.48
2,21.4627,96.1037,24.501,356.0,65.0,10.0,2.0,0.043,143.8,27.58
2,20.5655,96.1793,26.314,356.0,65.0,10.0,2.0,0.013,201.1,49.37
2,20.6552,96.1726,26.314,356.0,65.0,10.0,2.0,0.037,208.6,54.62
2,20.745,96.1658,26.314,356.0,65.0,10.0,2.0,0.023,203.4,52.48
2,20.8348,96.1591,26.314,356.0,65.0,10.0,2.0,0.801,180.0,46.33
2,20.9246,96.1523,26.314,356.0,65.0,10.0,2.0,0.005,194.4,37.59
2,21.0143,96.1456,26.314,356.0,65.0,10.0,2.0,0.02,153.1,29.66
2,21.1041,96.1388,26.314,356.0,65.0,10.0,2.0,0.049,193.5,22.52
2,21.1939,96.1321,26.314,356.0,65.0,10.0,2.0,0.037,207.0,18.6
2,21.2836,96.1253,26.314,356.0,65.0,10.0,2.0,1.368,210.4,19.48
2,21.3734,96.1186,26.314,356.0,65.0,10.0,2.0,0.047,167.6,22.17
2,21.4632,96.1118,26.314,356.0,65.0,10.0,2.0,0.04,156.2,27.68
3,17.8906,96.4615,1.317,352.0,80.0,10.0,2.0,2.977,171.4,92.22
3,17.9798,96.4481,1.317,352.0,80.0,10.0,2.0,0.005,189.3,93.06
3,18.0689,96.4347,1.317,352.0,80.0,10.0,2.0,0.004,152.5,96.1
3,18.158,96.4213,1.317,352.0,80.0,10.0,2.0,0.031,153.3,99.34
3,18.2471,96.408,1.317,352.0,80.0,10.0,2.0,0.008,142.0,102.18
3,18.3362,96.3946,1.317,352.0,80.0,10.0,2.0,2.295,171.2,104.42
3,18.4253,96.3812,1.317,352.0,80.0,10.0,2.0,2.19,165.6,101.26
3,18.5145,96.3678,1.317,352.0,80.0,10.0,2.0,1.537,174.6,97.7
3,18.6036,96.3545,1.317,352.0,80.0,10.0,2.0,2.115,172.6,91.14
3,18.6927,96.3411,1.317,352.0,80.0,10.0,2.0,3.573,176.3,77.38
3,18.7818,96.3277,1.317,352.0,80.0,10.0,2.0,3.233,184.8,69.02
3,18.8709,96.3144,1.317,352.0,80.0,10.0,2.0,3.894,178.5,69.66
3,18.96,96.301,1.317,352.0,80.0,10.0,2.0,3.359,175.6,70.9
3,19.0492,96.2876,1.317,352.0,80.0,10.0,2.0,4.315,175.7,70.14
3,19.1383,96.2742,1.317,352.0,80.0,10.0,2.0,3.811,179.7,66.78
3,19.2274,96.2609,1.317,352.0,80.0,10.0,2.0,3.205,183.0,62.82
3,19.3165,96.2475,1.317,352.0,80.0,10.0,2.0,3.495,170.7,61.06
3,19.4056,96.2341,1.317,352.0,80.0,10.0,2.0,2.656,185.8,58.3
3,19.4947,96.2207,1.317,352.0,80.0,10.0,2.0,2.898,188.5,55.34
3,19.5839,96.2074,1.317,352.0,80.0,10.0,2.0,3.638,182.8,52.18
3,19.673,96.194,1.317,352.0,80.0,10.0,2.0,3.431,187.7,52.22
3,19.7621,96.1806,1.317,352.0,80.0,10.0,2.0,2.452,196.0,51.86
3,19.8512,96.1673,1.317,352.0,80.0,10.0,2.0,3.938,158.0,49.9
3,19.9403,96.1539,1.317,352.0,80.0,10.0,2.0,2.625,162.7,46.94
3,20.0295,96.1405,1.317,352.0,80.0,10.0,2.0,2.912,177.7,43.78
3,20.1186,96.1271,1.317,352.0,80.0,10.0,2.0,3.665,179.5,42.42
3,20.2077,96.1138,1.317,352.0,80.0,10.0,2.0,3.898,177.8,41.66
3,20.2968,96.1004,1.317,352.0,80.0,10.0,2.0,4.277,176.9,41.51
3,20.3859,96.087,1.317,352.0,80.0,10.0,2.0,3.804,187.5,39.35
3,20.475,96.0736,1.317,352.0,80.0,10.0,2.0,3.415,180.2,36.19
3,17.8911,96.4648,3.287,352.0,80.0,10.0,2.0,1.96,213.7,92.01
3,17.9802,96.4514,3.287,352.0,80.0,10.0,2.0,0.003,176.3,92.65
3,18.0693,96.438,3.287,352.0,80.0,10.0,2.0,0.05,151.6,94.09
3,18.1584,96.4246,3.287,352.0,80.0,10.0,2.0,0.126,206.5,96.53
3,18.2475,96.4113,3.287,352.0,80.0,10.0,2.0,0.066,150.6,98.37
3,18.3367,96.3979,3.287,352.0,80.0,10.0,2.0,0.722,162.4,99.81
3,18.4258,96.3845,3.287,352.0,80.0,10.0,2.0,1.058,162.9,97.65
3,18.5149,96.3711,3.287,352.0,80.0,10.0,2.0,0.005,212.5,92.89
3,18.604,96.3578,3.287,352.0,80.0,10.0,2.0,0.02,156.2,83.73
3,18.6931,96.3444,3.287,352.0,80.0,10.0,2.0,2.162,199.9,71.37
3,18.7822,96.331,3.287,352.0,80.0,10.0,2.0,2.786,174.9,70.61
3,18.8714,96.3177,3.287,352.0,80.0,10.0,2.0,3.281,166.4,70.85
3,18.9605,96.3043,3.287,352.0,80.0,10.0,2.0,3.536,165.4,69.49
3,19.0496,96.2909,3.287,352.0,80.0,10.0,2.0,4.09,159.3,68.12
3,19.1387,96.2775,3.287,352.0,80.0,10.0,2.0,3.611,148.0,65.16
3,19.2278,96.2642,3.287,352.0,80.0,10.0,2.0,3.231,148.8,62.6
3,19.3169,96.2508,3.287,352.0,80.0,10.0,2.0,4.561,145.9,59.84
3,19.4061,96.2374,3.287,352.0,80.0,10.0,2.0,4.473,173.8,57.28
3,19.4952,96.224,3.287,352.0,80.0,10.0,2.0,4.84,179.8,55.12
3,19.5843,96.2107,3.287,352.0,80.0,10.0,2.0,6.264,183.5,51.96
3,19.6734,96.1973,3.287,352.0,80.0,10.0,2.0,4.414,182.0,51.2
3,19.7625,96.1839,3.287,352.0,80.0,10.0,2.0,4.032,178.4,48.44
3,19.8517,96.1706,3.287,352.0,80.0,10.0,2.0,5.574,170.8,48.48
3,19.9408,96.1572,3.287,352.0,80.0,10.0,2.0,3.339,180.9,46.33
3,20.0299,96.1438,3.287,352.0,80.0,10.0,2.0,3.107,183.3,43.97
3,20.119,96.1304,3.287,352.0,80.0,10.0,2.0,3.849,183.3,43.41
3,20.2081,96.1171,3.287,352.0,80.0,10.0,2.0,3.891,183.9,42.45
3,20.2972,96.1037,3.287,352.0,80.0,10.0,2.0,4.306,185.2,40.89
3,20.3864,96.0903,3.287,352.0,80.0,10.0,2.0,4.566,176.5,38.33
3,20.4755,96.0769,3.287,352.0,80.0,10.0,2.0,3.577,162.6,36.57
3,17.8915,96.4681,5.257,352.0,80.0,10.0,2.0,1.025,214.8,91.8
3,17.9806,96.4547,5.257,352.0,80.0,10.0,2.0,1.539,215.4,92.64
3,18.0697,96.4413,5.257,352.0,80.0,10.0,2.0,0.002,154.7,92.48
3,18.1589,96.4279,5.257,352.0,80.0,10.0,2.0,0.031,209.8,92.12
3,18.248,96.4146,5.257,352.0,80.0,10.0,2.0,0.008,177.5,91.76
3,18.3371,96.4012,5.257,352.0,80.0,10.0,2.0,0.038,137.8,91.0
3,18.4262,96.3878,5.257,352.0,80.0,10.0,2.0,0.006,203.0,90.44
3,18.5153,96.3745,5.257,352.0,80.0,10.0,2.0,0.044,210.0,86.48
3,18.6044,96.3611,5.257,352.0,80.0,10.0,2.0,1.264,214.7,78.92
3,18.6936,96.3477,5.257,352.0,80.0,10.0,2.0,1.9,213.9,70.76
3,18.7827,96.3343,5.257,352.0,80.0,10.0,2.0,0.388,169.8,70.6
3,18.8718,96.321,5.257,352.0,80.0,10.0,2.0,1.662,143.2,70.24
3,18.9609,96.3076,5.257,352.0,80.0,10.0,2.0,1.47,154.1,69.08
3,19.05,96.2942,5.257,352.0,80.0,10.0,2.0,2.11,191.2,66.12
3,19.1392,96.2808,5.257,352.0,80.0,10.0,2.0,3.313,180.9,60.56
3,19.2283,96.2675,5.257,352.0,80.0,10.0,2.0,4.14,205.4,60.4
3,19.3174,96.2541,5.257,352.0,80.0,10.0,2.0,5.902,190.0,57.24
3,19.4065,96.2407,5.257,352.0,80.0,10.0,2.0,5.239,185.6,55.27
3,19.4956,96.2273,5.257,352.0,80.0,10.0,2.0,3.754,161.7,56.91
3,19.5847,96.214,5.257,352.0,80.0,10.0,2.0,3.731,160.9,55.75
3,19.6739,96.2006,5.257,352.0,80.0,10.0,2.0,3.297,171.6,53.39
3,19.763,96.1872,5.257,352.0,80.0,10.0,2.0,6.124,176.3,50.43
3,19.8521,96.1739,5.257,352.0,80.0,10.0,2.0,7.728,181.8,47.67
3,19.9412,96.1605,5.257,352.0,80.0,10.0,2.0,5.625,184.7,46.11
3,20.0303,96.1471,5.257,352.0,80.0,10.0,2.0,3.883,172.0,45.35
3,20.1194,96.1337,5.257,352.0,80.0,10.0,2.0,4.543,177.5,45.19
3,20.2086,96.1204,5.257,352.0,80.0,10.0,2.0,4.67,183.5,42.03
3,20.2977,96.107,5.257,352.0,80.0,10.0,2.0,4.665,193.1,39.27
3,20.3868,96.0936,5.257,352.0,80.0,10.0,2.0,4.639,175.2,36.91
3,20.4759,96.0802,5.257,352.0,80.0,10.0,2.0,4.009,184.4,36.15
3,17.8919,96.4714,7.226,352.0,80.0,10.0,2.0,0.386,135.6,92.8
3,17.9811,96.458,7.226,352.0,80.0,10.0,2.0,1.946,208.0,91.84
3,18.0702,96.4446,7.226,352.0,80.0,10.0,2.0,1.498,202.2,90.28
3,18.1593,96.4313,7.226,352.0,80.0,10.0,2.0,1.897,170.0,87.92
3,18.2484,96.4179,7.226,352.0,80.0,10.0,2.0,2.056,154.3,85.96
3,18.3375,96.4045,7.226,352.0,80.0,10.0,2.0,1.185,175.7,84.2
3,18.4266,96.3911,7.226,352.0,80.0,10.0,2.0,0.045,214.8,84.44
3,18.5158,96.3778,7.226,352.0,80.0,10.0,2.0,0.787,215.2,82.67
3,18.6049,96.3644,7.226,352.0,80.0,10.0,2.0,0.192,200.0,76.51
3,18.694,96.351,7.226,352.0,80.0,10.0,2.0,1.809,177.2,69.95
3,18.7831,96.3376,7.226,352.0,80.0,10.0,2.0,0.289,214.7,70.59
3,18.8722,96.3243,7.226,352.0,80.0,10.0,2.0,1.645,214.9,69.23
3,18.9614,96.3109,7.226,352.0,80.0,10.0,2.0,0.055,150.6,68.27
3,19.0505,96.2975,7.226,352.0,80.0,10.0,2.0,0.139,144.8,64.71
3,19.1396,96.2841,7.226,352.0,80.0,10.0,2.0,0.786,162.3,60.75
3,19.2287,96.2708,7.226,352.0,80.0,10.0,2.0,0.12,206.7,60.59
3,19.3178,96.2574,7.226,352.0,80.0,10.0,2.0,3.425,207.1,58.63
3,19.4069,96.244,7.226,352.0,80.0,10.0,2.0,1.96,160.8,57.27
3,19.4961,96.2307,7.226,352.0,80.0,10.0,2.0,1.962,142.3,59.11
3,19.5852,96.2173,7.226,352.0,80.0,10.0,2.0,2.252,150.9,58.35
3,19.6743,96.2039,7.226,352.0,80.0,10.0,2.0,1.943,158.1,53.99
3,19.7634,96.1905,7.226,352.0,80.0,10.0,2.0,5.589,210.2,49.23
3,19.8525,96.1772,7.226,352.0,80.0,10.0,2.0,7.118,193.8,47.47
3,19.9416,96.1638,7.226,352.0,80.0,10.0,2.0,6.551,186.1,46.5
3,20.0308,96.1504,7.226,352.0,80.0,10.0,2.0,4.796,184.0,46.54
3,20.1199,96.137,7.226,352.0,80.0,10.0,2.0,4.7,177.5,45.38
3,20.209,96.1237,7.226,352.0,80.0,10.0,2.0,5.177,183.7,41.02
3,20.2981,96.1103,7.226,352.0,80.0,10.0,2.0,5.383,183.7,38.66
3,20.3872,96.0969,7.226,352.0,80.0,10.0,2.0,5.343,165.3,35.5
3,20.4763,96.0835,7.226,352.0,80.0,10.0,2.0,5.299,186.9,35.94
3,17.8924,96.4747,9.196,352.0,80.0,10.0,2.0,2.974,135.7,93.6
3,17.9815,96.4613,9.196,352.0,80.0,10.0,2.0,4.101,135.8,90.64
3,18.0706,96.4479,9.196,352.0,80.0,10.0,2.0,3.44,153.4,89.48
3,18.1597,96.4346,9.196,352.0,80.0,10.0,2.0,2.434,164.9,87.31
3,18.2489,96.4212,9.196,352.0,80.0,10.0,2.0,2.148,162.7,85.15
3,18.338,96.4078,9.196,352.0,80.0,10.0,2.0,1.388,164.7,83.39
3,18.4271,96.3944,9.196,352.0,80.0,10.0,2.0,0.003,164.8,83.03
3,18.5162,96.3811,9.196,352.0,80.0,10.0,2.0,1.292,214.7,81.47
3,18.6053,96.3677,9.196,352.0,80.0,10.0,2.0,1.206,206.6,76.31
3,18.6944,96.3543,9.196,352.0,80.0,10.0,2.0,3.808,164.3,69.55
3,18.7836,96.3409,9.196,352.0,80.0,10.0,2.0,0.687,206.7,70.39
3,18.8727,96.3276,9.196,352.0,80.0,10.0,2.0,1.77,214.0,69.03
3,18.9618,96.3142,9.196,352.0,80.0,10.0,2.0,1.235,200.1,66.47
3,19.0509,96.3008,9.196,352.0,80.0,10.0,2.0,2.037,181.0,61.91
3,19.14,96.2875,9.196,352.0,80.0,10.0,2.0,4.44,167.2,58.95
3,19.2291,96.2741,9.196,352.0,80.0,10.0,2.0,4.721,205.0,59.59
3,19.3183,96.2607,9.196,352.0,80.0,10.0,2.0,5.514,201.1,57.62
3,19.4074,96.2473,9.196,352.0,80.0,10.0,2.0,1.486,201.8,58.06
3,19.4965,96.234,9.196,352.0,80.0,10.0,2.0,1.257,201.3,60.3
3,19.5856,96.2206,9.196,352.0,80.0,10.0,2.0,1.298,214.1,59.54
3,19.6747,96.2072,9.196,352.0,80.0,10.0,2.0,0.936,165.1,54.78
3,19.7638,96.1938,9.196,352.0,80.0,10.0,2.0,2.96,212.1,50.02
3,19.853,96.1805,9.196,352.0,80.0,10.0,2.0,3.298,169.9,48.26
3,19.9421,96.1671,9.196,352.0,80.0,10.0,2.0,3.983,163.5,47.5
3,20.0312,96.1537,9.196,352.0,80.0,10.0,2.0,2.295,181.1,45.94
3,20.1203,96.1404,9.196,352.0,80.0,10.0,2.0,2.662,180.5,42.98
3,20.2094,96.127,9.196,352.0,80.0,10.0,2.0,4.183,184.4,39.62
3,20.2985,96.1136,9.196,352.0,80.0,10.0,2.0,4.864,182.8,38.06
3,20.3877,96.1002,9.196,352.0,80.0,10.0,2.0,4.48,184.3,35.3
3,20.4768,96.0869,9.196,352.0,80.0,10.0,2.0,5.076,196.2,34.54
3,17.8928,96.478,11.166,352.0,80.0,10.0,2.0,2.942,135.5,94.0
3,17.9819,96.4646,11.166,352.0,80.0,10.0,2.0,3.641,135.5,90.84
3,18.0711,96.4512,11.166,352.0,80.0,10.0,2.0,2.288,144.1,89.27
3,18.1602,96.4379,11.166,352.0,80.0,10.0,2.0,0.312,214.8,88.91
3,18.2493,96.4245,11.166,352.0,80.0,10.0,2.0,0.643,214.1,88.35
3,18.3384,96.4111,11.166,352.0,80.0,10.0,2.0,0.002,213.7,86.79
3,18.4275,96.3977,11.166,352.0,80.0,10.0,2.0,0.005,187.7,85.03
3,18.5166,96.3844,11.166,352.0,80.0,10.0,2.0,1.277,213.8,82.67
3,18.6058,96.371,11.166,352.0,80.0,10.0,2.0,1.4,214.2,78.11
3,18.6949,96.3576,11.166,352.0,80.0,10.0,2.0,1.153,205.1,72.95
3,18.784,96.3443,11.166,352.0,80.0,10.0,2.0,1.006,214.5,70.79
3,18.8731,96.3309,11.166,352.0,80.0,10.0,2.0,2.589,173.8,68.03
3,18.9622,96.3175,11.166,352.0,80.0,10.0,2.0,3.621,188.5,65.07
3,19.0513,96.3041,11.166,352.0,80.0,10.0,2.0,3.583,211.6,63.11
3,19.1405,96.2908,11.166,352.0,80.0,10.0,2.0,4.827,213.4,61.95
3,19.2296,96.2774,11.166,352.0,80.0,10.0,2.0,5.527,211.4,60.38
3,19.3187,96.264,11.166,352.0,80.0,10.0,2.0,6.034,175.9,56.02
3,19.4078,96.2506,11.166,352.0,80.0,10.0,2.0,1.965,135.8,59.06
3,19.4969,96.2373,11.166,352.0,80.0,10.0,2.0,1.223,205.7,61.3
3,19.586,96.2239,11.166,352.0,80.0,10.0,2.0,1.666,213.6,60.54
3,19.6752,96.2105,11.166,352.0,80.0,10.0,2.0,0.116,154.9,56.18
3,19.7643,96.1971,11.166,352.0,80.0,10.0,2.0,1.144,139.4,52.82
3,19.8534,96.1838,11.166,352.0,80.0,10.0,2.0,1.328,139.0,50.46
3,19.9425,96.1704,11.166,352.0,80.0,10.0,2.0,1.955,148.8,48.5
3,20.0316,96.157,11.166,352.0,80.0,10.0,2.0,0.502,169.5,45.74
3,20.1207,96.1437,11.166,352.0,80.0,10.0,2.0,0.831,180.2,42.58
3,20.2099,96.1303,11.166,352.0,80.0,10.0,2.0,1.843,160.0,39.22
3,20.299,96.1169,11.166,352.0,80.0,10.0,2.0,2.065,165.7,37.65
3,20.3881,96.1035,11.166,352.0,80.0,10.0,2.0,1.674,203.2,37.49
3,20.4772,96.0902,11.166,352.0,80.0,10.0,2.0,2.96,194.6,36.73
3,17.8933,96.4813,13.135,352.0,80.0,10.0,2.0,0.141,166.4,94.8
3,17.9824,96.4679,13.135,352.0,80.0,10.0,2.0,0.01,205.1,93.84
3,18.0715,96.4545,13.135,352.0,80.0,10.0,2.0,0.022,201.2,93.68
3,18.1606,96.4412,13.135,352.0,80.0,10.0,2.0,0.003,148.1,94.31
3,18.2497,96.4278,13.135,352.0,80.0,10.0,2.0,0.014,173.7,94.35
3,18.3388,96.4144,13.135,352.0,80.0,10.0,2.0,0.014,145.6,92.59
3,18.428,96.401,13.135,352.0,80.0,10.0,2.0,0.02,165.0,89.23
3,18.5171,96.3877,13.135,352.0,80.0,10.0,2.0,0.003,210.6,84.67
3,18.6062,96.3743,13.135,352.0,80.0,10.0,2.0,0.821,214.3,80.11
3,18.6953,96.3609,13.135,352.0,80.0,10.0,2.0,0.047,210.4,75.35
3,18.7844,96.3476,13.135,352.0,80.0,10.0,2.0,0.002,140.1,71.19
3,18.8735,96.3342,13.135,352.0,80.0,10.0,2.0,1.487,192.7,68.63
3,18.9627,96.3208,13.135,352.0,80.0,10.0,2.0,3.266,187.0,65.27
3,19.0518,96.3074,13.135,352.0,80.0,10.0,2.0,2.694,214.0,64.91
3,19.1409,96.2941,13.135,352.0,80.0,10.0,2.0,1.599,215.3,63.95
3,19.23,96.2807,13.135,352.0,80.0,10.0,2.0,0.115,206.0,62.99
3,19.3191,96.2673,13.135,352.0,80.0,10.0,2.0,0.007,203.6,61.02
3,19.4082,96.2539,13.135,352.0,80.0,10.0,2.0,0.002,169.2,61.86
3,19.4974,96.2406,13.135,352.0,80.0,10.0,2.0,1.388,212.9,62.7
3,19.5865,96.2272,13.135,352.0,80.0,10.0,2.0,1.559,215.3,62.54
3,19.6756,96.2138,13.135,352.0,80.0,10.0,2.0,0.098,181.8,58.58
3,19.7647,96.2005,13.135,352.0,80.0,10.0,2.0,0.008,141.9,54.02
3,19.8538,96.1871,13.135,352.0,80.0,10.0,2.0,0.12,206.8,51.26
3,19.9429,96.1737,13.135,352.0,80.0,10.0,2.0,0.169,161.7,49.5
3,20.0321,96.1603,13.135,352.0,80.0,10.0,2.0,0.144,212.1,47.74
3,20.1212,96.147,13.135,352.0,80.0,10.0,2.0,0.12,196.0,45.38
3,20.2103,96.1336,13.135,352.0,80.0,10.0,2.0,0.562,215.3,43.22
3,20.2994,96.1202,13.135,352.0,80.0,10.0,2.0,0.003,185.8,42.26
3,20.3885,96.1068,13.135,352.0,80.0,10.0,2.0,0.146,163.1,43.5
3,20.4776,96.0935,13.135,352.0,80.0,10.0,2.0,1.342,195.3,44.94
3,17.8937,96.4846,15.105,352.0,80.0,10.0,2.0,0.166,211.4,98.0
3,17.9828,96.4712,15.105,352.0,80.0,10.0,2.0,0.023,205.8,96.64
3,18.0719,96.4578,15.105,352.0,80.0,10.0,2.0,0.004,214.7,98.48
3,18.161,96.4445,15.105,352.0,80.0,10.0,2.0,0.946,137.9,99.92
3,18.2502,96.4311,15.105,352.0,80.0,10.0,2.0,1.781,136.7,99.96
3,18.3393,96.4177,15.105,352.0,80.0,10.0,2.0,2.184,135.5,98.4
3,18.4284,96.4044,15.105,352.0,80.0,10.0,2.0,1.708,135.5,93.24
3,18.5175,96.391,15.105,352.0,80.0,10.0,2.0,0.021,183.7,87.47
3,18.6066,96.3776,15.105,352.0,80.0,10.0,2.0,0.007,140.3,81.91
3,18.6957,96.3642,15.105,352.0,80.0,10.0,2.0,0.01,149.7,76.35
3,18.7849,96.3509,15.105,352.0,80.0,10.0,2.0,0.044,214.5,71.99
3,18.874,96.3375,15.105,352.0,80.0,10.0,2.0,0.93,210.2,68.63
3,18.9631,96.3241,15.105,352.0,80.0,10.0,2.0,1.292,212.7,66.67
3,19.0522,96.3107,15.105,352.0,80.0,10.0,2.0,1.0,211.9,66.31
3,19.1413,96.2974,15.105,352.0,80.0,10.0,2.0,0.05,145.2,66.35
3,19.2304,96.284,15.105,352.0,80.0,10.0,2.0,0.017,207.7,66.19
3,19.3196,96.2706,15.105,352.0,80.0,10.0,2.0,0.062,172.0,64.83
3,19.4087,96.2572,15.105,352.0,80.0,10.0,2.0,0.249,144.3,64.87
3,19.4978,96.2439,15.105,352.0,80.0,10.0,2.0,1.038,213.1,64.31
3,19.5869,96.2305,15.105,352.0,80.0,10.0,2.0,0.655,213.9,62.55
3,19.676,96.2171,15.105,352.0,80.0,10.0,2.0,0.064,179.9,58.79
3,19.7651,96.2038,15.105,352.0,80.0,10.0,2.0,0.008,200.6,55.03
3,19.8543,96.1904,15.105,352.0,80.0,10.0,2.0,0.011,148.9,52.07
3,19.9434,96.177,15.105,352.0,80.0,10.0,2.0,0.013,200.0,50.3
3,20.0325,96.1636,15.105,352.0,80.0,10.0,2.0,0.118,204.6,49.54
3,20.1216,96.1503,15.105,352.0,80.0,10.0,2.0,0.002,185.7,48.38
3,20.2107,96.1369,15.105,352.0,80.0,10.0,2.0,0.067,212.7,48.22
3,20.2998,96.1235,15.105,352.0,80.0,10.0,2.0,0.048,186.6,49.06
3,20.389,96.1101,15.105,352.0,80.0,10.0,2.0,0.459,194.7,51.7
3,20.4781,96.0968,15.105,352.0,80.0,10.0,2.0,1.686,211.7,53.74
3,17.8941,96.4879,17.074,352.0,80.0,10.0,2.0,1.652,210.6,98.8
3,17.9832,96.4745,17.074,352.0,80.0,10.0,2.0,0.001,178.4,97.44
3,18.0724,96.4612,17.074,352.0,80.0,10.0,2.0,0.023,138.4,99.48
3,18.1615,96.4478,17.074,352.0,80.0,10.0,2.0,2.343,136.6,101.32
3,18.2506,96.4344,17.074,352.0,80.0,10.0,2.0,2.705,135.6,100.56
3,18.3397,96.421,17.074,352.0,80.0,10.0,2.0,2.928,135.7,98.0
3,18.4288,96.4077,17.074,352.0,80.0,10.0,2.0,2.286,135.6,93.64
3,18.5179,96.3943,17.074,352.0,80.0,10.0,2.0,0.006,194.6,87.28
3,18.6071,96.3809,17.074,352.0,80.0,10.0,2.0,0.007,168.5,81.32
3,18.6962,96.3675,17.074,352.0,80.0,10.0,2.0,0.098,213.9,76.36
3,18.7853,96.3542,17.074,352.0,80.0,10.0,2.0,0.123,205.5,71.6
3,18.8744,96.3408,17.074,352.0,80.0,10.0,2.0,0.335,170.8,69.04
3,18.9635,96.3274,17.074,352.0,80.0,10.0,2.0,0.275,215.1,67.28
3,19.0526,96.314,17.074,352.0,80.0,10.0,2.0,0.013,144.6,67.92
3,19.1418,96.3007,17.074,352.0,80.0,10.0,2.0,0.016,160.4,69.36
3,19.2309,96.2873,17.074,352.0,80.0,10.0,2.0,0.003,182.1,69.2
3,19.32,96.2739,17.074,352.0,80.0,10.0,2.0,0.294,136.6,67.84
3,19.4091,96.2606,17.074,352.0,80.0,10.0,2.0,0.177,152.9,66.87
3,19.4982,96.2472,17.074,352.0,80.0,10.0,2.0,0.08,159.0,65.31
3,19.5873,96.2338,17.074,352.0,80.0,10.0,2.0,0.009,165.2,62.75
3,19.6765,96.2204,17.074,352.0,80.0,10.0,2.0,0.02,171.1,58.99
3,19.7656,96.2071,17.074,352.0,80.0,10.0,2.0,0.017,208.3,55.63
3,19.8547,96.1937,17.074,352.0,80.0,10.0,2.0,0.367,138.3,53.07
3,19.9438,96.1803,17.074,352.0,80.0,10.0,2.0,0.122,174.1,51.91
3,20.0329,96.1669,17.074,352.0,80.0,10.0,2.0,0.151,202.1,52.55
3,20.122,96.1536,17.074,352.0,80.0,10.0,2.0,0.005,176.4,52.59
3,20.2112,96.1402,17.074,352.0,80.0,10.0,2.0,0.034,202.3,53.63
3,20.3003,96.1268,17.074,352.0,80.0,10.0,2.0,0.576,142.4,54.87
3,20.3894,96.1134,17.074,352.0,80.0,10.0,2.0,1.372,154.5,57.71
3,20.4785,96.1001,17.074,352.0,80.0,10.0,2.0,1.246,136.3,59.95
3,17.8946,96.4912,19.044,352.0,80.0,10.0,2.0,4.053,193.5,97.61
3,17.9837,96.4778,19.044,352.0,80.0,10.0,2.0,2.095,205.3,96.45
3,18.0728,96.4645,19.044,352.0,80.0,10.0,2.0,0.004,154.9,98.09
3,18.1619,96.4511,19.044,352.0,80.0,10.0,2.0,0.031,144.0,98.73
3,18.251,96.4377,19.044,352.0,80.0,10.0,2.0,0.016,164.1,98.17
3,18.3401,96.4243,19.044,352.0,80.0,10.0,2.0,0.042,140.3,95.21
3,18.4293,96.411,19.044,352.0,80.0,10.0,2.0,0.022,164.8,90.65
3,18.5184,96.3976,19.044,352.0,80.0,10.0,2.0,0.0,174.6,84.69
3,18.6075,96.3842,19.044,352.0,80.0,10.0,2.0,0.033,142.1,79.53
3,18.6966,96.3708,19.044,352.0,80.0,10.0,2.0,0.033,191.6,75.17
3,18.7857,96.3575,19.044,352.0,80.0,10.0,2.0,0.746,202.9,71.61
3,18.8748,96.3441,19.044,352.0,80.0,10.0,2.0,0.727,215.3,69.25
3,18.964,96.3307,19.044,352.0,80.0,10.0,2.0,0.018,175.4,67.49
3,19.0531,96.3174,19.044,352.0,80.0,10.0,2.0,0.003,138.5,68.32
3,19.1422,96.304,19.044,352.0,80.0,10.0,2.0,0.017,143.5,69.96
3,19.2313,96.2906,19.044,352.0,80.0,10.0,2.0,0.057,138.0,70.6
3,19.3204,96.2772,19.044,352.0,80.0,10.0,2.0,0.027,194.9,69.04
3,19.4095,96.2639,19.044,352.0,80.0,10.0,2.0,0.011,207.0,67.08
3,19.4987,96.2505,19.044,352.0,80.0,10.0,2.0,0.005,174.9,64.72
3,19.5878,96.2371,19.044,352.0,80.0,10.0,2.0,0.036,140.5,62.96
3,19.6769,96.2237,19.044,352.0,80.0,10.0,2.0,0.005,140.2,59.4
3,19.766,96.2104,19.044,352.0,80.0,10.0,2.0,0.108,154.6,57.04
3,19.8551,96.197,19.044,352.0,80.0,10.0,2.0,0.059,145.1,55.48
3,19.9442,96.1836,19.044,352.0,80.0,10.0,2.0,0.025,189.3,54.93
3,20.0334,96.1702,19.044,352.0,80.0,10.0,2.0,0.091,207.1,55.37
3,20.1225,96.1569,19.044,352.0,80.0,10.0,2.0,0.059,135.8,56.01
3,20.2116,96.1435,19.044,352.0,80.0,10.0,2.0,0.012,149.8,56.85
3,20.3007,96.1301,19.044,352.0,80.0,10.0,2.0,0.285,136.8,58.29
3,20.3898,96.1168,19.044,352.0,80.0,10.0,2.0,0.033,204.1,61.33
3,20.479,96.1034,19.044,352.0,80.0,10.0,2.0,0.085,186.2,63.77
3,17.895,96.4945,21.014,352.0,80.0,10.0,2.0,5.601,185.0,98.02
3,17.9841,96.4811,21.014,352.0,80.0,10.0,2.0,3.133,197.8,95.86
3,18.0732,96.4678,21.014,352.0,80.0,10.0,2.0,0.103,212.5,94.9
3,18.1623,96.4544,21.014,352.0,80.0,10.0,2.0,0.005,205.4,94.34
3,18.2515,96.441,21.014,352.0,80.0,10.0,2.0,0.001,181.6,93.18
3,18.3406,96.4276,21.014,352.0,80.0,10.0,2.0,0.002,213.6,90.82
3,18.4297,96.4143,21.014,352.0,80.0,10.0,2.0,0.005,150.0,86.66
3,18.5188,96.4009,21.014,352.0,80.0,10.0,2.0,0.705,214.9,81.5
3,18.6079,96.3875,21.014,352.0,80.0,10.0,2.0,0.006,199.2,77.54
3,18.697,96.3741,21.014,352.0,80.0,10.0,2.0,0.03,208.3,73.38
3,18.7862,96.3608,21.014,352.0,80.0,10.0,2.0,1.176,161.9,70.62
3,18.8753,96.3474,21.014,352.0,80.0,10.0,2.0,1.234,214.6,69.06
3,18.9644,96.334,21.014,352.0,80.0,10.0,2.0,0.503,215.2,67.5
3,19.0535,96.3207,21.014,352.0,80.0,10.0,2.0,0.013,213.4,68.14
3,19.1426,96.3073,21.014,352.0,80.0,10.0,2.0,0.0,154.3,69.18
3,19.2317,96.2939,21.014,352.0,80.0,10.0,2.0,0.002,184.3,69.42
3,19.3209,96.2805,21.014,352.0,80.0,10.0,2.0,0.019,157.1,69.06
3,19.41,96.2672,21.014,352.0,80.0,10.0,2.0,0.006,151.9,67.5
3,19.4991,96.2538,21.014,352.0,80.0,10.0,2.0,0.004,154.7,64.74
3,19.5882,96.2404,21.014,352.0,80.0,10.0,2.0,0.05,174.6,62.18
3,19.6773,96.227,21.014,352.0,80.0,10.0,2.0,0.006,213.9,60.22
3,19.7664,96.2137,21.014,352.0,80.0,10.0,2.0,0.011,163.4,58.26
3,19.8556,96.2003,21.014,352.0,80.0,10.0,2.0,0.004,174.3,57.1
3,19.9447,96.1869,21.014,352.0,80.0,10.0,2.0,0.141,164.5,57.14
3,20.0338,96.1736,21.014,352.0,80.0,10.0,2.0,0.001,151.8,57.58
3,20.1229,96.1602,21.014,352.0,80.0,10.0,2.0,0.004,182.7,58.62
3,20.212,96.1468,21.014,352.0,80.0,10.0,2.0,0.012,196.3,59.86
3,20.3012,96.1334,21.014,352.0,80.0,10.0,2.0,0.155,149.7,61.91
3,20.3903,96.1201,21.014,352.0,80.0,10.0,2.0,0.037,140.3,64.15
3,20.4794,96.1067,21.014,352.0,80.0,10.0,2.0,0.029,202.1,65.99
3,17.8954,96.4978,22.983,352.0,80.0,10.0,2.0,5.756,185.0,97.83
3,17.9845,96.4844,22.983,352.0,80.0,10.0,2.0,3.715,191.9,95.67
3,18.0737,96.4711,22.983,352.0,80.0,10.0,2.0,0.297,189.3,92.91
3,18.1628,96.4577,22.983,352.0,80.0,10.0,2.0,0.007,145.1,90.95
3,18.2519,96.4443,22.983,352.0,80.0,10.0,2.0,0.008,171.0,89.19
3,18.341,96.4309,22.983,352.0,80.0,10.0,2.0,0.006,191.4,87.23
3,18.4301,96.4176,22.983,352.0,80.0,10.0,2.0,1.264,214.5,83.07
3,18.5192,96.4042,22.983,352.0,80.0,10.0,2.0,0.762,214.8,78.71
3,18.6084,96.3908,22.983,352.0,80.0,10.0,2.0,0.033,148.5,75.55
3,18.6975,96.3774,22.983,352.0,80.0,10.0,2.0,0.009,193.3,72.59
3,18.7866,96.3641,22.983,352.0,80.0,10.0,2.0,0.266,167.5,70.23
3,18.8757,96.3507,22.983,352.0,80.0,10.0,2.0,1.571,215.3,69.67
3,18.9648,96.3373,22.983,352.0,80.0,10.0,2.0,1.359,214.8,68.31
3,19.0539,96.324,22.983,352.0,80.0,10.0,2.0,0.171,208.1,67.35
3,19.1431,96.3106,22.983,352.0,80.0,10.0,2.0,0.002,162.7,67.79
3,19.2322,96.2972,22.983,352.0,80.0,10.0,2.0,0.013,183.7,68.23
3,19.3213,96.2838,22.983,352.0,80.0,10.0,2.0,0.003,194.6,68.07
3,19.4104,96.2705,22.983,352.0,80.0,10.0,2.0,0.029,211.4,66.71
3,19.4995,96.2571,22.983,352.0,80.0,10.0,2.0,0.053,157.0,64.95
3,19.5886,96.2437,22.983,352.0,80.0,10.0,2.0,0.001,150.5,62.19
3,19.6778,96.2303,22.983,352.0,80.0,10.0,2.0,0.009,162.0,61.03
3,19.7669,96.217,22.983,352.0,80.0,10.0,2.0,0.003,194.3,59.48
3,19.856,96.2036,22.983,352.0,80.0,10.0,2.0,0.018,150.3,59.52
3,19.9451,96.1902,22.983,352.0,80.0,10.0,2.0,0.077,171.9,59.96
3,20.0342,96.1769,22.983,352.0,80.0,10.0,2.0,0.009,164.0,60.0
3,20.1234,96.1635,22.983,352.0,80.0,10.0,2.0,0.031,184.1,60.44
3,20.2125,96.1501,22.983,352.0,80.0,10.0,2.0,0.065,159.7,62.09
3,20.3016,96.1367,22.983,352.0,80.0,10.0,2.0,0.136,138.7,64.13
3,20.3907,96.1234,22.983,352.0,80.0,10.0,2.0,0.128,210.3,65.97
3,20.4798,96.11,22.983,352.0,80.0,10.0,2.0,0.077,180.6,66.42
3,17.8959,96.5011,24.953,352.0,80.0,10.0,2.0,4.664,188.9,97.84
3,17.985,96.4877,24.953,352.0,80.0,10.0,2.0,2.691,198.6,95.88
3,18.0741,96.4744,24.953,352.0,80.0,10.0,2.0,0.12,199.4,92.32
3,18.1632,96.461,24.953,352.0,80.0,10.0,2.0,0.002,200.7,89.36
3,18.2523,96.4476,24.953,352.0,80.0,10.0,2.0,1.229,215.1,87.4
3,18.3414,96.4342,24.953,352.0,80.0,10.0,2.0,1.628,215.4,85.44
3,18.4306,96.4209,24.953,352.0,80.0,10.0,2.0,1.785,214.0,81.48
3,18.5197,96.4075,24.953,352.0,80.0,10.0,2.0,1.541,136.4,76.92
3,18.6088,96.3941,24.953,352.0,80.0,10.0,2.0,1.71,135.8,74.16
3,18.6979,96.3808,24.953,352.0,80.0,10.0,2.0,1.143,136.9,71.8
3,18.787,96.3674,24.953,352.0,80.0,10.0,2.0,0.674,150.6,70.04
3,18.8762,96.354,24.953,352.0,80.0,10.0,2.0,1.654,213.5,69.68
3,18.9653,96.3406,24.953,352.0,80.0,10.0,2.0,1.269,214.8,68.32
3,19.0544,96.3273,24.953,352.0,80.0,10.0,2.0,0.0,168.6,67.96
3,19.1435,96.3139,24.953,352.0,80.0,10.0,2.0,0.024,149.0,67.81
3,19.2326,96.3005,24.953,352.0,80.0,10.0,2.0,0.008,143.0,67.85
3,19.3217,96.2871,24.953,352.0,80.0,10.0,2.0,0.006,167.2,67.09
3,19.4109,96.2738,24.953,352.0,80.0,10.0,2.0,0.001,156.3,65.93
3,19.5,96.2604,24.953,352.0,80.0,10.0,2.0,0.038,163.3,64.37
3,19.5891,96.247,24.953,352.0,80.0,10.0,2.0,0.04,141.7,62.61
3,19.6782,96.2337,24.953,352.0,80.0,10.0,2.0,0.01,149.9,61.45
3,19.7673,96.2203,24.953,352.0,80.0,10.0,2.0,0.048,209.7,61.1
3,19.8564,96.2069,24.953,352.0,80.0,10.0,2.0,0.006,181.4,61.94
3,19.9456,96.1935,24.953,352.0,80.0,10.0,2.0,0.009,199.1,62.18
3,20.0347,96.1802,24.953,352.0,80.0,10.0,2.0,0.023,195.6,62.02
3,20.1238,96.1668,24.953,352.0,80.0,10.0,2.0,0.016,164.9,63.07
3,20.2129,96.1534,24.953,352.0,80.0,10.0,2.0,0.079,175.5,64.71
3,20.302,96.14,24.953,352.0,80.0,10.0,2.0,0.058,175.6,66.56
3,20.3911,96.1267,24.953,352.0,80.0,10.0,2.0,0.047,204.6,66.6
3,20.4803,96.1133,24.953,352.0,80.0,10.0,2.0,0.04,172.0,66.05
3,17.8963,96.5044,26.922,352.0,80.0,10.0,2.0,2.407,188.0,97.85
3,17.9854,96.491,26.922,352.0,80.0,10.0,2.0,1.233,191.1,95.69
3,18.0745,96.4777,26.922,352.0,80.0,10.0,2.0,0.086,193.1,91.73
3,18.1636,96.4643,26.922,352.0,80.0,10.0,2.0,0.016,205.0,88.97
3,18.2528,96.4509,26.922,352.0,80.0,10.0,2.0,1.77,215.2,87.61
3,18.3419,96.4376,26.922,352.0,80.0,10.0,2.0,2.255,215.4,85.05
3,18.431,96.4242,26.922,352.0,80.0,10.0,2.0,1.753,215.3,81.89
3,18.5201,96.4108,26.922,352.0,80.0,10.0,2.0,0.028,140.3,76.93
3,18.6092,96.3974,26.922,352.0,80.0,10.0,2.0,0.038,195.8,74.78
3,18.6984,96.3841,26.922,352.0,80.0,10.0,2.0,0.003,182.3,72.62
3,18.7875,96.3707,26.922,352.0,80.0,10.0,2.0,0.039,214.5,70.66
3,18.8766,96.3573,26.922,352.0,80.0,10.0,2.0,1.364,215.0,69.7
3,18.9657,96.3439,26.922,352.0,80.0,10.0,2.0,0.099,212.3,68.34
3,19.0548,96.3306,26.922,352.0,80.0,10.0,2.0,0.039,205.4,67.78
3,19.1439,96.3172,26.922,352.0,80.0,10.0,2.0,0.013,193.6,67.82
3,19.2331,96.3038,26.922,352.0,80.0,10.0,2.0,0.006,168.5,67.27
3,19.3222,96.2905,26.922,352.0,80.0,10.0,2.0,0.0,156.9,66.71
3,19.4113,96.2771,26.922,352.0,80.0,10.0,2.0,0.036,158.7,65.35
3,19.5004,96.2637,26.922,352.0,80.0,10.0,2.0,0.072,152.8,63.79
3,19.5895,96.2503,26.922,352.0,80.0,10.0,2.0,0.044,214.8,62.83
3,19.6786,96.237,26.922,352.0,80.0,10.0,2.0,0.023,179.7,62.08
3,19.7678,96.2236,26.922,352.0,80.0,10.0,2.0,0.062,191.7,61.92
3,19.8569,96.2102,26.922,352.0,80.0,10.0,2.0,0.028,178.3,63.36
3,19.946,96.1968,26.922,352.0,80.0,10.0,2.0,0.04,158.5,63.21
3,20.0351,96.1835,26.922,352.0,80.0,10.0,2.0,0.039,141.2,63.45
3,20.1242,96.1701,26.922,352.0,80.0,10.0,2.0,0.012,196.0,64.3
3,20.2133,96.1567,26.922,352.0,80.0,10.0,2.0,0.003,174.4,66.14
3,20.3025,96.1433,26.922,352.0,80.0,10.0,2.0,0.006,187.7,67.19
3,20.3916,96.13,26.922,352.0,80.0,10.0,2.0,0.009,208.4,66.43
3,20.4807,96.1166,26.922,352.0,80.0,10.0,2.0,0.833,155.4,64.68
